sugar_free,health_label,price_normalized,sugar_health_interaction,perceived_benefit,nutrition_knowledge,perceived_price,health_concern,individual_id
0.8908825945133276,0.6636924386853831,0.03279920604322131,1.700375779671447,0.25565248933254936,0.35802127810338036,-0.39078075578773913,0.2906263451543097,0
0.5877628392716747,-0.3343968473545671,-0.31439582143476896,0.6626670230701154,0.4353641744278796,0.463647063777895,-0.2860385010779502,0.13744893081563214,1
1.2505545333645451,0.4994502431490565,-0.29663258082836924,1.2697625129414623,0.29066398308254693,0.6018405668551148,-0.24136055334216444,0.2759949970485543,2
1.612072418720017,0.9911549461919427,-0.9853412380652247,2.4276104424493052,0.34566897793478935,0.4535564319160472,-0.011231234265980966,0.1269096779631667,3
0.8103316898878808,0.2378155929660739,-0.6879904886164006,0.7860762110808082,0.7346904180597075,0.3373962893462593,-0.1443446875466242,0.3820985678107126,4
0.8355018969381669,0.780706726234299,-0.27918630016755924,2.2115872567292447,0.6680922103580695,0.456763271112713,-0.3335481569099892,0.37736451578477603,5
1.3887993174678759,0.2555850005785564,0.2640955608715417,1.2081577109723554,0.14008375261448047,0.3217331749645337,-0.1513963710582363,0.31384074385863314,6
0.7831458657134223,-0.056279154208408455,-0.834812719029907,1.4860562483269424,0.565946483575835,0.3035854564927433,-0.35473039889383656,0.29339932734964197,7
0.41789557891361395,-0.6473219438049248,-1.30922428075782,0.6213662441390648,0.5622793108983184,0.24728786464294011,-0.09173089461129268,0.4613425749840848,8
1.5173025055450924,1.0733592454711554,-0.9179108365396704,1.9526518478065633,0.17034734224947634,0.5345120038248162,-0.24711246518178787,0.24996235928658703,9
0.3143794808934317,0.1426093568591049,-0.12634996158937592,1.0236022225813959,0.5637555287509721,0.1772357001086998,-0.2093636188739171,0.10817510494950386,10
0.7422648849875888,0.00037126202980888867,-0.40583349561695065,1.0334469773179145,0.7075863836825106,0.5298551587017174,-0.067420335245781,0.3039368695398768,11
0.892249771596657,0.19765655675071422,-0.06075399094032869,1.3943500768920627,0.17549103875111724,0.37497961856105566,-0.32871635685842504,0.5003256459444536,12
0.7272951668861207,-0.9680321604118691,-1.1489565861683062,0.04944313483039628,0.21649943579714728,0.09010407377970878,-0.33971181851129917,0.12822886081769774,13
0.5252355081893476,0.765715122467719,0.16859203253567484,1.5174047843375056,0.6035322933687005,0.3551473939487132,-0.2583599326346005,0.2066244679967217,14
1.0799371313563804,0.06576884068440393,-0.6064049715731816,0.9012725510341196,0.4542990621651296,-0.015003976147743625,-0.09616211489806835,0.2999735245721743,15
0.5005940708855051,0.21300915526139205,-1.026932376203152,0.875989656684644,0.5102952550479047,0.39382620252465533,-0.35193460754768424,0.2435314181193113,16
0.9860190971270315,0.5925778687617481,-0.4064819006469247,1.0910877747149157,0.46811784328009937,0.43278472244834865,-0.4832155598110569,0.13212357035472228,17
0.411921931863398,0.0019708539410623616,-0.03730739414293212,0.04826116017285527,0.47813918418562884,0.21114660665219195,-0.24511588584089988,0.3846229427476565,18
1.0639250170578922,0.23000675439472257,-0.5642040970235643,0.7940745894151714,0.1347055743377834,0.3185321543933373,-0.14482592000890798,0.5284048866420712,19
0.9729142979661559,0.304895025934989,-1.0356621594374094,2.4960459082325706,0.6094635413242897,0.593123615062543,-0.07997382502611708,0.27353577508286886,20
1.0143447280095301,0.37554673827738355,0.3084216977244829,1.5898024964404482,0.6339179984855547,0.22413799436070947,-0.24631613620853993,0.14151180523167997,21
0.9168473890393123,0.8771428247001235,-0.04955113414004697,1.6383592088076262,0.3541218511863945,0.14116386194150993,-0.24114266071160026,0.06412473699358301,22
0.9852927285085045,0.25410249571077786,0.17464390053589018,0.9859032216836516,0.39130461003722755,0.5222495103693898,-0.08460992657442529,0.2809571177465417,23
0.4499954086791923,0.6173670893400643,-0.5596550547411963,1.4137088650951433,0.09377849948885558,0.5943880785796192,-0.3869741699695421,0.3824652811979509,24
0.6215928444353855,0.12581054032512706,0.4332384470195321,1.3992812876968068,0.502850951203567,0.30055435077717707,-0.23885207751830095,0.3070201295794458,25
0.7695675430670557,-0.19855269769770162,-0.45103985590449125,0.23385583659805512,0.5144114883428288,0.45171945531125346,-0.18095761100749425,0.24971153908973753,26
1.0970413438077422,0.40111136487010357,-0.24607684560293608,1.782680699351321,0.38756179660013784,0.5012213873296322,-0.15507812787149658,0.17928740178528324,27
1.1038960914732625,-0.026365186336224256,-1.1058346586162835,1.3665059016585952,0.6248706719741006,0.18862736511924239,-0.25098066931908825,0.11894036407382924,28
1.5714178773922782,0.3561952424363724,-0.059016641180346885,1.6680044690393805,0.3331845538040119,0.22720412469481976,-0.19655589882941588,0.35017015915898586,29
0.519891126259448,-0.6313942372951264,-0.23375027794505324,0.9057853859121079,0.5129211851787201,0.48463117697321023,-0.44883273534129897,0.3596525945662703,30
0.8353916871817915,0.8618098598516053,-0.9025252445754719,2.1188401823224,0.1960671322615769,0.5527521418062764,-0.26582484123338485,0.06451242559711204,31
0.8547271297119886,0.12737255274853468,0.5685326972749731,1.48289374724955,0.3952895698251524,0.3844321290261532,-0.15464912874455328,0.44078067738168203,32
1.191267180307103,-0.2596350017149484,0.7569515973609218,1.0834361608202971,0.36512914841943284,0.16802784697469186,-0.298229403425468,0.31888854650728016,33
1.0707850499235876,-0.1654382429636655,-0.8594155750067873,1.1521263142025138,0.4450615844081883,0.5980591667549162,-0.19410157784104026,0.41795135741749523,34
0.9661704703414857,-1.0005168588305315,-0.322143517155628,0.32273486147677904,0.3260946142333283,0.22035436532820532,-0.1553127499197302,0.0889446701817862,35
1.2709698833658565,0.5928809685711744,0.13200528389360722,1.5174357133986045,0.37370548086566646,0.24972933282428222,-0.2342549200857765,0.08610110135014734,36
0.05184532199307036,-0.2977119638498803,-0.6323026890566913,1.2957706168718233,0.5652094342883013,0.3513506751734432,-0.18295362290034292,0.23212368282792437,37
0.7249253999411784,-0.8123090950326508,-0.7010385349627024,0.09730917512069986,0.31264715255235653,0.533124063107216,-0.29627325652846126,0.3103341312274233,38
1.3049324471385035,-0.7646985936438692,-0.333099810498867,0.46243251004703784,0.07868457985226412,0.42809639648283354,-0.2206611279696047,0.4655632987512356,39
0.8134575725890907,0.15405220052543536,0.23278775718963537,1.469687370635204,0.7499167808410842,0.3622298250542866,-0.13897838304107776,0.3347294696578158,40
0.9091738186246651,1.1125200058542128,-0.7932941681817215,1.6549698701572773,0.6762908157380974,0.36949327951771593,-0.1843027039031566,0.220878246782556,41
0.7098945553206792,0.26702268515909056,-0.8012638408002437,1.2321239107589703,0.14154746097887627,0.3065272002965199,-0.2586531269563936,0.12683569508009296,42
0.3739532370411273,-0.585242358853041,-0.5469716785057068,0.9560215798629923,0.5379415610490389,0.38372092717777595,-0.17757835957092072,0.397600068726298,43
0.13755247824630507,-0.33953343276213027,-1.2549958324415418,0.667413888218661,0.2994050458897314,-0.07943401165414543,-0.1285390209363382,0.13423534890991423,44
0.3333746449244376,-0.03794213116675635,-0.039537358971649464,1.5748473989728864,0.45269744306621196,0.25550888113953024,-0.4049941278577478,0.4454162265726786,45
0.4525165408903668,-1.1758402272468298,0.16202682504699517,-0.0685305512668567,0.45884482580269875,0.33619829023751713,-0.08409259350441023,0.21587384204721888,46
0.6747519436727711,0.37977528360957813,-0.15263990800584043,1.2242788846500139,0.35311843993673564,0.12734788745707393,-0.23362547386810723,0.44086984871414203,47
0.8996324161572754,0.23606188758792468,-0.14400245775863932,1.2649966767691838,0.2432468668827207,0.357948497671734,-0.15745100667597697,0.3314717548071134,48
-0.1682701708122778,0.2547144984354668,-0.21148957932432527,0.20245370189219664,0.26189178953674813,0.2693293168520818,-0.08027530763547722,0.233560541266905,49
1.1287707736023764,0.9341761203851042,0.04666378594847337,1.6460746480346793,0.2167616169037515,0.5633213547473235,-0.3371673697230466,0.1876724353808648,50
1.299705247747693,0.4878584932092948,0.08984748617430552,2.023776388075864,0.23363555835391106,0.5359529587822285,-0.27094410024275467,0.20909105471847042,51
0.24043463177717964,-0.22983726429660814,0.018764607632959923,1.0009002571156311,0.38656434199012896,0.23012916463227556,-0.2288548695875705,0.3013980030850285,52
1.1338321516138465,-0.29950715883447354,-1.0738566490629635,1.3038780671913999,0.25684800217784964,0.2773743432649957,-0.27837535211244285,0.25925877954612603,53
1.5438973129102351,1.3463719920139054,0.4413640134548522,1.5693059113297254,0.536410413142524,0.2889078651587411,-0.026506342416319162,0.1787426310317554,54
0.5860858571999361,0.40984822345146177,-0.9954282708064953,1.2940831593219664,0.6974492310671855,0.2322510785760566,-0.28567720938267926,0.23012423076188412,55
1.1164038318860416,0.11956590605563819,-0.20458375479339705,0.8503420492862229,0.28398935172599143,0.329253747604219,-0.2555546779486867,0.259429243566298,56
0.8453102622704215,-0.04716935261629593,-0.5977109299186832,1.0247252311201414,0.44788090010707543,0.18625768966686146,-0.17956109683970234,-0.005448091329777416,57
0.8225191847611645,0.5141898759317831,-0.5020279621065595,1.9010534995761477,0.49993702206058677,0.13040769975937105,-0.3202149526076089,0.3049801737746438,58
0.9805866261289313,0.24149632049850953,-0.5151619946392018,1.736267880041969,0.4944004541838549,0.3934066835850403,-0.2395680711756264,0.13243345303398318,59
0.9977151052511641,-0.18370474447341792,-0.7774555296039288,0.546332144495553,0.4151910535832175,0.3944294376332716,-0.1682546738749825,0.11160011161531061,60
1.1437517070250938,-0.22315712370109378,-0.9262863986823378,1.1829324301255786,0.5485364836719445,0.17935263605100116,-0.23328604043825113,0.04751867834671478,61
0.6780742758407308,-0.4532043419285462,-0.2606134947834921,1.110237553153706,0.4964497905361315,0.4343033146143899,-0.20933868588999485,0.03473290025585318,62
0.3153782792717773,-0.1792044238154827,-1.1273932276686454,1.2379126739575526,0.15246751553454044,0.2052633406252003,-0.2529332112448371,0.08734629962652529,63
1.3026947922713055,0.1326934359718389,-0.151333260816189,1.982804864810176,0.5738312128778547,0.33797478570569717,-0.3514470309180767,0.16491748508434115,64
0.7726135651225855,0.41642096322319133,-1.345770959793492,1.271520377378479,0.5774581674533484,0.4230516018918684,-0.16784067886607615,0.4843910965031882,65
0.8599476414833731,0.038455696299321926,0.17920994841379526,0.8524585155575936,0.2473427791642837,0.29495811529444305,-0.024506692835275845,0.18689443889257554,66
0.9025060570845292,1.0244946576670952,-0.6888305913733535,1.3482273235182984,0.40758756708952043,0.3682111368211701,-0.1981598369216562,0.2713300127521638,67
0.7774670444471267,-1.0776425968806596,-1.0428082723994705,0.7340889021928954,0.5366657985622139,0.22253555341686423,-0.17747358827524506,0.2980577663807594,68
0.8927900694105005,0.3730208882460157,0.5370260638525994,1.4607087937814889,0.35813723608412773,0.2705300124857854,-0.13072772448831405,0.26572782234590187,69
1.3108137526825934,0.8346529000440085,-0.35047610265305595,2.0019695267876907,0.6145956095532024,0.26912108536794893,-0.32693304965466996,0.24070678471288076,70
1.6138520644610337,-0.5650921931454533,-0.43163642380193656,1.2657525140011519,0.8727744989238722,0.18801324801896416,-0.029748534187039433,0.10656474836809066,71
0.8218870804242493,0.04459344437086458,-0.86496615014758,1.0421756601490073,0.24280279347300354,0.27348387553263265,-0.1797671203577198,0.4241113057935054,72
1.4364247270528026,0.10566511407097395,0.09345592290590514,1.70520812044454,0.12379107936924505,0.06770725517043799,-0.0368143100910891,0.46686359723654625,73
0.878742270269143,-0.8721892013400485,-0.11084887311225272,-0.15208303082249675,0.4607637191209752,0.2263269379286843,-0.27330329955239896,0.048080956705277705,74
1.0057163128269286,-0.007292396505927917,0.7538437901125816,2.1762229024723014,0.5443125010252288,0.2572686759945494,-0.018193807744217527,0.12711656909363445,75
1.7664771098100953,-0.5242906969245237,-0.42289561478428783,0.4103345405310621,0.35382672523104625,0.26157303712569296,-0.12248445059652169,0.21642275891475926,76
0.9350615478262216,0.9606176104448514,1.2060493772502974,1.5840481151032542,0.6906521326642069,0.26377538311938314,-0.14469599141476416,0.13425546461077703,77
1.3932035545511945,0.42723477604637755,0.3278994519281637,2.273506399281999,0.13227884005535023,0.29073537002098065,-0.1765975545646852,0.31071586641470383,78
0.01943472928795148,0.13437038952532776,-0.6015703223725546,0.910160282442563,0.5385837246063223,0.37191622771290955,-0.22485286180744496,0.16260733571120645,79
0.6763163366472759,0.4196198276344331,-0.3700953398972775,1.2518172324567955,0.27882783584822135,0.43117756111987837,-0.07994683415261275,0.5098067281367923,80
0.8116142914505562,-0.06310259177023515,-0.4299225704262819,0.9877452480859071,0.7438755812414594,0.20253521597275992,-0.18596401301519533,0.39286583132123154,81
1.1011216715670706,0.07819742958963424,-0.18278575606733272,1.515707487461537,0.7985030706336237,0.11951987169162834,-0.39670697035871527,0.2755088836758658,82
0.8964786252201288,0.2461477583136335,-0.31126226151400527,1.7409332366341015,0.24666868244333043,0.14369333816353455,-0.3117186461707003,0.3732383515983679,83
0.23992854866891927,-0.4414273690858298,-0.5624054436248903,-0.12231840717814801,0.290088572818284,0.22691956182076092,-0.21858457521927474,0.3827080509228771,84
0.3502817581525471,0.43361380444151965,0.46331426239467033,1.854846053477647,0.5719175773959604,0.24721180232752363,-0.1690001016834445,0.18232630143301082,85
0.6622102185350651,0.25821649756874465,-1.2761849344995315,0.9063726946989373,0.3225738700420971,0.1845005900703814,-0.2056588488899896,0.15205393065496425,86
1.4963568988148457,0.005567723049599543,-0.7433330979049373,1.1664002396942201,0.39091775641355236,0.10558250036251582,-0.07810292102063368,0.2593771675563577,87
0.5702467246549364,0.19909341343068093,-0.15659378885865297,1.0609661643911221,0.40507768410848205,0.23158187587887175,-0.39511018640386253,0.3533963349397533,88
0.26283232091578135,0.43808039367404333,-0.24198071137571325,1.7276542001395025,0.016065368760468712,0.3272139930170957,-0.185641206349484,0.26668724783841014,89
0.8361139118940296,-0.1409918082558649,-0.38162778753685234,0.5670802908870971,0.39723245078115255,0.3892544198753347,-0.3817979225387155,0.060760422137080355,90
2.006977186691005,0.364058346928086,0.9395178488471825,1.9567285242654937,0.26205444518716525,0.2163865420337518,-0.12402877045158317,0.1536610667258989,91
0.3936161569706978,-0.3625519791917793,-0.4944011523649947,1.6322952556315562,0.30137543552004564,0.23805032667848489,-0.2094458714442003,0.24112325636867463,92
1.3896403415270326,0.4612320396210811,0.12775728460258584,0.7290188755723982,0.6887264006937628,0.16099525367290338,-0.1580390027975882,0.24092012748090036,93
1.0129043857688795,-0.05082099277035376,0.2872576647000674,1.3262702726981879,0.14869862114414872,0.29528412444378355,-0.28638829605897664,0.48670506121477697,94
0.30754348918208063,-0.42318117105851044,-0.30986134739624616,0.4836433565789229,0.5626410373495955,0.1727357048713778,-0.0720535068342249,0.08368144691212023,95
0.8920321221975278,0.4273504034605421,-1.1998758715097582,1.5738175700450108,0.3442074139336383,0.38596917198617997,-0.09582753359411487,0.31067070902030497,96
1.132108693230454,0.005189944338611557,-0.5654147118096221,1.0851529773432071,0.3440479663008331,0.0321200262098833,-0.14164556969881126,0.42869357299939476,97
0.9289437621637855,0.5185525551625638,0.2680787883210264,1.1791446772163945,0.5580743792103423,0.24605554913213062,-0.2129517246863441,0.5225739694507355,98
1.1437964642409524,-0.08527872243659515,-0.6968678815725092,1.3371923466472877,0.4680102589137781,0.3451661008787613,-0.14201427147048679,0.20147230921792464,99
-0.07382389046691235,-0.3747978227834247,-0.9793314414946619,1.4419834171957653,0.5141225994439063,0.32757517744837567,-0.2706892567987349,0.308971534326424,100
0.9216441034405944,0.6865060886539117,-0.6337788942402085,1.2566467316468506,0.5936369321065722,0.7039550495970744,-0.1144444340979288,0.3183712428638376,101
0.7158464579769832,-0.3023750063911379,-0.25055899555131067,1.2936200837926901,0.3337383233633355,0.3524700036851861,-0.0350519105676079,0.2734578077863949,102
0.41208939013860935,-0.6989187733872858,-0.19879543198030625,0.20971537681233693,0.27755265309844995,0.14939181047369846,-0.09293894400208139,0.23813857585128329,103
0.8926541452754696,-0.5825203400700683,-0.9963979203124214,0.5071139010682131,0.18296989468844038,0.285680362936639,-0.27296024698074095,0.3023170467400055,104
0.8463448489765502,0.32501486066235674,-0.30049731727969137,1.6807797584656403,0.23491789400420898,0.033563049980032233,-0.16385826827268973,-0.053869530226362206,105
1.2308860316973786,0.028265986642812158,-1.3323577109268225,2.1528163112782885,0.9898188850617451,0.28791003760548584,-0.32931415437586475,0.33184833880751574,106
0.8912617478520319,1.1253350041305479,-0.5064805582260727,1.7949775197606888,0.6489359161473574,0.17504159144988618,-0.14276096888243245,0.26514134843943604,107
1.2971929133086824,-0.5879997940415317,-1.494447240516223,0.785056023430823,0.12978512675839576,0.43730854133402425,-0.15493965871374613,0.22330301238660816,108
1.0930634619458854,0.7706403388438388,0.320997498391033,1.566074061097499,0.135508408651286,0.21756895881066976,-0.38698163395321644,0.4956234634863469,109
0.42928352340452236,-0.19831894651609255,-0.5844905394796208,0.2158090352629243,0.49637321234369836,0.282485112630713,-0.3161783843912364,0.16900791774513374,110
0.8825473087577472,-0.13366664114249885,0.013617604518248172,1.4639093455333034,0.5094529594755934,0.20466632378933947,-0.2283138896743767,0.2016308813121963,111
0.9984084935403774,0.07134487383669925,-1.333504033386271,1.5114184705498819,0.509776767063473,0.5608277027779996,-0.23008597471408265,0.4889863962645681,112
2.031951090030846,0.7854272886859652,0.2100900269040895,1.8873637234827678,0.34900884128926046,0.2518135850823132,-0.3209476935418806,0.1501526434180172,113
0.8819602989145957,0.06420193903524232,-1.550220388898142,0.9961479109768928,0.37490914799942,0.5748835565218802,-0.16110212706478164,0.18398616604761533,114
0.41731602568372517,1.1253963564500602,-0.30132977527482396,1.6668758709642075,0.4655759048318715,0.42212276431774,-0.1748526391059488,0.232356949188298,115
0.8503827652703198,0.22836164177862014,-0.12350221884201569,1.0871441044045969,0.4171786012586661,0.3723100091003079,-0.21942691319785196,0.3508881378555459,116
0.45106410426631177,-0.141583560453433,-0.1666662503306869,0.902403895156187,-0.04386007454950702,0.35530997209762794,-0.2755791500158363,0.2749363008823976,117
1.2659526205194864,0.16396603858663028,-0.26067755206256904,2.3594131175783413,0.3540400738849613,0.3590695947324377,-0.09512928735834365,0.0948849583417285,118
1.0530922151924202,0.4446752134284411,-0.6323902134845971,1.3647805047634203,0.2297187131479373,0.010849113098158503,-0.03445928869117049,0.18613977242473725,119
1.5365541465584436,0.44311765854609775,-0.9102173523144955,1.404933877082837,0.43504228378170245,0.2581674908773865,-0.24835614838465372,0.17711746801453465,120
1.1072597583572386,-0.9368865447692031,-0.2201016253385289,0.37553336277618954,0.9970518005206821,0.4267736956776482,-0.2612166917154821,0.24073347457323452,121
1.2199958301672875,0.02396903353121521,-0.7865083934386123,1.6982779974596618,0.4734963330948609,0.29266542247888416,-0.1508792334588004,0.3011012390355795,122
0.7898093645010476,0.06151381221978075,-1.1891329876791588,0.9050078306796177,0.33729406276552043,0.08922152297946373,-0.23580293797469865,0.3001846907065566,123
1.1945746425001467,0.6115122604438626,-0.7292819634747726,1.199881000437099,0.5843603003954505,0.2921393324133796,-0.21393972006632342,0.036878589514191734,124
1.2083230293433018,0.6713050004781214,-0.7533354204248366,2.3982616333816624,0.49653757744184257,0.5556158274383236,-0.12603468482753288,0.3776729185073027,125
0.0981537921991463,-0.11303197614879308,-0.8358724570202876,1.5237670908793273,0.4840188980903683,0.48703375733020793,-0.3909356087507293,0.2803082615195948,126
0.7941947064023716,0.36272559048438097,-0.3622001666628186,0.9088575958960206,0.5213701186431342,0.29069939859509525,-0.06816976751473308,0.4161438457112687,127
0.7487718840438776,-0.04099527252710587,-0.5090189954273664,0.4247274929201736,0.8113087129659083,0.442717391558713,-0.19273194756706588,0.3033037992748806,128
0.5472880254793787,-0.139300969715832,0.43290482836285904,1.3457018346194467,0.17382231293481687,0.2450239469447922,-0.24114931445621804,0.38215875492829143,129
0.6274745178501143,-0.01428466157998265,-0.39255259915927454,0.5495180913956949,0.4947264153622909,0.044419261975992164,-0.2089234154221449,0.30598543737401523,130
0.848451012398983,-0.3597900143334384,0.4234573260630927,1.3905445765839093,0.21472377400369233,0.16133010178056684,-0.20375706449794814,0.41154709074432977,131
0.4334946577141946,-0.000892115307051522,-0.525523101515756,0.22431790994032869,0.5111025292684497,0.5344333152762296,-0.37312013034449254,0.3126700763221334,132
1.6029040214047323,-0.28702083293092573,-0.9998043615597658,1.40799994366271,0.21626269770278114,0.25890103772560435,-0.050506177254676404,0.2382501704268515,133
0.9393443773096981,0.32236110826751574,0.6617930280182227,0.6949350854826754,0.3165266372789831,0.2634924030937473,-0.19586743677293816,0.5226921664536258,134
1.2487734862538051,0.5832786044824256,-1.3075679508414384,2.1012054656144805,0.34098201715241877,0.2550242705587679,-0.1556997869552625,0.35668445467358706,135
0.7768263223511054,-0.052707151644100086,0.4003367106628605,1.0713391862964778,0.5951633438689419,0.585620488435951,-0.10484502294259573,0.31884933052052955,136
0.4067203475488806,0.5370039501760896,0.7077642712470995,0.9677439741687422,0.5836908887884829,0.5438938373043094,-0.30211624575603,0.0968434700153997,137
0.6570256317775014,1.2830719591454365,0.1235262446003988,1.663735528932704,0.1508565247107231,0.6328170350172201,-0.15265281009647716,0.09540308590437549,138
0.5408560320031359,0.14424522558232022,-0.6155785076082722,1.3575421008561201,0.4109868221999698,0.2761432184399923,-0.22676410908987937,0.2851258578570224,139
1.0633232644840596,-0.5424247871109185,-1.4630285840944428,0.9918209153610036,0.2580840290501655,0.3443436733120642,-0.11532292247835063,0.2674625437321889,140
1.256617682711934,0.10623084747451939,-0.41930297539702854,1.6193926251265818,0.1482990178649331,0.07250361758688134,-0.4127227420351496,0.17630529219900204,141
0.1054480605475614,-0.43857028667737435,-0.9249787440057621,1.43276754789869,0.35659658991512594,0.5215401639177412,-0.2099094300241269,0.2669179239534472,142
1.2648600320930359,0.26001896122825446,-0.3586660103069617,0.6843117229174375,0.3383034423088361,0.12483306730980975,-0.26028206557839617,0.44063523136523153,143
0.9720371788059534,0.244481137815302,-0.0003401679645553962,2.077781672355801,0.8853432972691045,0.33251633456439433,-0.15677370493658446,0.33344829694603584,144
0.7931119807642298,0.07511311367522314,-0.9754007985827561,1.3805404739117852,0.48659196507213925,0.13540462085507338,-0.1529955812631798,0.11307897882967141,145
-0.1938419045146414,-0.05595507613546735,-0.5278880075308569,0.5561545203027398,0.12447649984915254,0.21166997598919557,-0.2707625894822026,0.23661894074284676,146
0.5662830321810282,-0.27358499620620486,0.3167669292844645,0.17006097930845665,0.28704519916581156,0.17441063534254495,-0.2712173864176044,0.1534040222976927,147
0.5138454766931042,0.18268909966131291,-0.9498636853069039,1.2080307527758665,0.6042766590858797,0.2088187108986273,-0.21106653685573296,0.20347601003097265,148
0.6799230770243604,0.029967042210140363,-1.2961566411610677,1.425823227370095,0.817688554573985,0.21913159452765318,-0.2896642227315208,0.20036612012444288,149
0.5816781278313208,-0.08744975239315009,-0.5409717921087924,1.0888815577305686,0.08280333755240832,0.21775968076123842,-0.11580163045478731,0.19268253008751937,150
0.6244687956753344,-0.2777147528598134,-0.530354387699173,1.6874595138247652,0.024015122972190994,0.42500008676704604,-0.23692072004474463,0.09938375536319263,151
0.6313861927207803,-0.35239660027003095,-0.9378362039093597,0.2697476569103626,0.7741930350743564,0.13427058104062198,-0.4906988219321642,0.23468143821781717,152
1.268331960342664,0.5597325141537333,-0.3648617913201497,1.5249688893314473,0.4779228354741808,0.33308121405208,-0.23748220566218062,0.1827270835783228,153
0.6790170980971004,-0.1255724843537873,-0.348359459652377,0.6464845864579681,0.2263414536247267,0.48269387284583376,-0.30385438208439725,-0.10153384280027217,154
-0.28009267950385214,1.0105723308088284,0.8226757155706674,1.707023740609555,0.506925817224487,0.2230205453229906,-0.3631275815460946,0.49635664294019954,155
1.2445529468767706,0.7405512090217492,-0.6301942271238387,2.262550889558525,-0.1271495478033755,0.1923121663878597,-0.32374266382225725,0.38065235850600065,156
0.9227426134104255,0.511140664001501,-0.23634757815870872,1.2602123835400898,0.40067510131943224,0.26542130622296234,-0.189059152816703,0.20484391300900048,157
-0.0416943808624696,-0.5877851963049614,-0.5467602715202485,-0.321348147847891,0.46556423456861706,0.4769587812541065,-0.06713591717517689,0.2522582859688718,158
0.8824984800061259,0.7272164576597193,0.05551692475068318,1.666007317190545,0.584854027907566,0.32911614464300365,-0.168681552613502,0.10940147832189259,159
0.9660475707631828,-0.0828242044395941,-0.8264557206949845,1.0165633543776529,0.19722080954149246,0.2203178558088602,-0.26065033882157396,0.4534867453373038,160
1.2870655413974077,0.33331056755797317,1.1912840882156415,1.671645246036487,0.41713743228067185,0.3725814976782059,-0.15440958048292974,0.4776746433727734,161
1.11360768262795,1.0822746962577094,-0.27264145685642516,2.603308458084842,0.21491507478808256,0.13465617752453649,-0.2459090310218992,0.26880324738958294,162
0.3747706043768646,-0.1489337216243669,0.6651880266341312,0.5555618526899374,0.45107675113486345,0.40220392656644216,-0.2694600369163145,0.37282367730224136,163
1.4956186793344781,0.991733738347301,0.20769602915939092,2.0403539462106117,0.22093073552739517,0.3612910961552651,-0.31543626682329845,0.27103441347207086,164
0.9021814862662139,-0.057344594007887634,0.12261579853894419,1.709601998046962,0.3183798321679559,0.2538287293291674,-0.3751828806751719,0.08959294733488832,165
1.2313600261540525,0.14532130095587673,0.2863753556995953,0.777585316296348,0.2008369210419542,0.17421213023291535,-0.23899237065594453,0.20058119572436112,166
1.3106590490836862,1.1567626126007609,-0.57100792329286,2.300458752290877,0.5302272483647315,0.1669978616574814,-0.18419465100798682,0.26583135601263486,167
0.5573986603195803,-0.028971442339998127,-0.24502446697214403,0.8487182212385168,0.5716902233313331,0.3802226004518865,-0.209662367001489,0.1954542737507867,168
0.26337468835574684,0.8010422255574805,0.10149179010744075,1.3531597930514805,0.35307588600851725,0.4843470753733593,-0.2415966927947359,0.22376160670779568,169
0.49635151370498737,0.2141580733816314,-0.0307779790131405,1.2631666516187725,0.4076475989920057,0.2044038379456808,-0.2945746060696781,0.23903205309890627,170
0.6784852256059544,-0.2983724291229979,-1.2535914957232706,0.6972721336860942,0.11028171707329121,0.36875800553272264,-0.13917538083150316,0.24029458025614464,171
0.13236093185665138,0.3235790313828143,-0.09524924241307128,1.0824678033222281,0.34006467039864263,-0.0130540527903103,-0.33171319199465854,0.256271018859698,172
0.7617520265708757,0.4636906471392454,0.5604542409633857,1.5599174493655492,0.3899590765916511,0.21230734040142007,-0.12239720861565247,0.1227273920324079,173
1.7234518807473451,0.6911684981732986,-0.6920131685693102,1.021870856697324,0.9241586182059951,0.29534116006936467,-0.3002217018926725,0.16395806210464764,174
1.0056506636539715,-0.3662013085306788,-0.4593703430152122,0.7491799791786418,0.17760659484516728,0.16354748745272496,-0.27524352373530353,0.0958498881160037,175
0.7885901385765504,0.03911928616945847,0.5431860581621045,1.3796224455809998,0.6928354477504874,0.1595240437815606,-0.3466785190615677,0.367337865962344,176
1.6803816602747252,0.5646967689992292,0.03955914579722689,1.1764388819734317,0.5993717546931616,0.19983306652966706,-0.2501402146885637,-0.0026776330208389543,177
1.2247944497986014,0.21184189643458431,-1.2343421147018865,1.421641264572289,0.4561272808980273,0.343828909248956,-0.10246875415220212,0.38843084119803106,178
2.4578686463278823,0.8723596254304877,-0.5340659941217037,2.374621686628602,0.7517240968390267,0.2719006472390438,-0.14843719115560436,0.41636192767154123,179
1.2355944474351293,0.4015733834767942,-0.29896507951767687,0.7823177129999139,0.4744210945213726,-0.035734684998745825,-0.1021577887971965,0.21373832956208544,180
0.2754712225113193,-0.5643985957259344,-0.682863652540592,0.454158000398833,0.4778318391335858,-0.018105022895259948,-0.14778574540660644,-0.06237645053927582,181
0.8747354505098026,-0.052854638319356384,-0.20298634910810912,1.4818155820018082,0.38937586939649094,0.20897022332142368,-0.31036698285303693,0.20664273256392512,182
0.8738199748453986,0.5341826734204067,-1.058278148247104,1.1237926611738476,0.6447137764837255,0.3686529879080328,-0.23307892243275574,0.24229790064534168,183
0.8744196269481761,0.14716765343327537,-0.20288462745435137,1.1085575490646977,0.6192938467621768,-0.11212572640878521,-0.27801991291174627,0.1287282136085304,184
0.8896371804300405,0.8980642973095017,-0.21074759446515182,1.8645806506393108,0.27486454250075754,0.2250404735772554,-0.06694250959609599,0.18817379274301088,185
1.2732790973431976,0.5033237921395116,-0.5178381387365408,1.8715119219948824,0.13615056108024653,0.22106282152238682,-0.3196788646426312,0.43362342386360214,186
1.100395084498115,0.344080197540926,-0.23882290624457775,1.2187717876308275,0.3594038725208686,0.5082506667312672,-0.11063023106108892,0.3297912594762089,187
0.9630914563137215,-0.010131847465218474,-0.3273083884259684,0.7423246644110926,0.23999228712047072,0.24224672824307045,-0.11070461298912308,0.139052306274628,188
0.3659484228802756,-0.8613895643991811,-0.462132753225921,1.0317015905704456,0.387295085076929,0.35744834771113926,-0.01703797982839128,0.05828809964854814,189
0.872542628998305,0.3153483674609214,-0.032693821420914385,1.8969290237254426,0.6474876269368279,0.3211885710131195,-0.24096865926294975,0.21075792188682746,190
1.219693855149415,0.3279192852365603,-0.10349307834974211,1.9394003960423825,0.308539668982642,-0.019584971971080112,-0.1287677840419838,0.22438518647794742,191
1.5538179590265717,0.4269448783227768,-0.38621633008448664,1.4020711477041454,0.391435323737685,0.4152310824947606,0.028165183653884263,0.309543902483598,192
0.3650821254455721,-0.8169441381075337,-0.45416188862749884,0.29702236256597125,0.4116045469616791,0.33230947581844317,-0.2617641676933697,0.1857619944918809,193
1.1170826278156534,-0.23402949406110682,-0.8267417051811256,0.7529652070510761,0.569686176441057,0.3762402959511884,-0.353504024753236,0.31137994904342337,194
1.1488813144150551,0.9339639671376716,0.15051890838415738,1.784631426691535,-0.04937786679692102,0.8889356559654489,-0.38800100339077637,0.4822184848072275,195
-0.006644348584540133,-0.19784324747372484,-0.3670328777791883,1.1436910267238027,0.2786599410469407,-0.012616940924788267,-0.12872879711386687,0.3478601226933115,196
0.5866655846137414,0.34648355455942764,0.6445255514950352,1.992457108436755,0.4422567384558946,0.5587044974641662,-0.3883150208058584,0.2442293791203073,197
1.0725631372401763,0.24485527159022172,-0.7996135549139013,1.5327063277743478,0.6400157912853723,0.25688287208994665,-0.2372319052937923,0.22802194347360463,198
0.05358068076652711,-0.04495433647688685,-0.6307735390111372,0.3112280178460349,0.301619510498759,0.34309933566045137,-0.15626868129610394,0.20719922389841544,199
0.8485984228062314,0.6442655093510897,-0.7608839487295029,1.9651720163888522,0.024689458791625207,0.2931731632048137,-0.1814824463170086,0.3916769094942574,200
1.5812145117626824,0.12391708350884684,1.0015150093102663,0.9152021613412304,0.5239422891932273,0.23636454999029347,-0.15745551358158277,0.17472238648584365,201
1.2710131045876538,0.4950667796957142,-1.4979471812021594,1.4399510195598393,0.27292752223487415,0.21452506076418618,-0.1777710144199146,0.2554267250799979,202
1.5145204561481052,0.33710527121839706,-0.3987525495912297,1.5731656403701402,0.16206666818192775,0.34942631033595134,-0.0721134186686607,0.2561437482257302,203
0.6254849815302521,-0.2430595660250676,-1.3342135872459786,1.5474669400399954,0.27513092205735523,0.07242394549924813,-0.2952316380738797,0.18978589686261615,204
0.2642888847016857,-0.20262250556326167,0.18627728034362526,2.15018548573388,0.3630949284688301,0.4125868751282648,-0.26769951384585317,0.0853041342539079,205
0.47958859529227094,0.43754661727562677,-0.5762191031320975,1.6910265581438135,0.2790510670923575,0.2375708392672119,-0.2772659445270824,0.2887569404341202,206
1.3018377269243455,0.34104003175133324,-0.04695966895950554,1.2345074134528122,-0.04111321141981383,0.13048959914394634,-0.116980818813739,0.24267952337735396,207
0.937514679828139,0.7302169255332318,0.3803848391490877,1.8688677903987387,0.5794132393774265,0.23249807130062794,-0.10996014116049364,0.31002885633238836,208
1.7844795189776945,0.41132398154254657,-1.262923109851982,2.58136015710205,0.6549750082557444,0.48857238252938595,-0.1548774680681492,0.18596796322729997,209
1.4939167609186352,0.3502915448671357,-0.5780451013243934,1.2550257741528017,0.5303043982679012,0.2196997369475665,-0.08165063331100722,0.39649855585756577,210
1.3675910729845502,0.1779635301334101,-0.6637076039579393,2.2202080227642735,0.17246286591503668,0.353768042731443,-0.3178040867376381,0.1447871462545786,211
1.2452772512991612,0.5884910745380282,-0.6139667584310902,1.917024409595268,0.35970169321049644,0.190356558642679,-0.0332775888448863,0.4554448340821471,212
1.533505346453745,0.48081341243835274,-0.7110106089057604,1.6832255663306122,0.3986957369541084,0.4136882774885429,-0.04767613782877417,0.04028361882060863,213
0.4671094913801868,0.41418473896629643,-0.017445576291711534,1.6275578353234081,0.5197588779123821,0.4028261608185306,-0.12643780027542534,0.30217240774682697,214
1.5272210497375025,-0.31121029746175943,-0.8328578035950679,1.3486133357863683,0.5336680977436162,0.5772913249944617,-0.021820109122894005,0.3070516819031948,215
0.7555398106327299,0.14685211302554135,-1.5157007077074078,1.4065386890004252,0.25316524024430087,0.27366540817511764,-0.3656623207677774,0.15453315184709412,216
0.6841210526772643,0.48186354886823307,-0.5085369152398705,1.1093793024839156,0.4163991112827121,0.400298220713686,-0.2524448136262652,0.3009272725433215,217
1.2028979246608735,0.18705865871520488,-0.2715091194605536,0.8969270319279417,0.49145608092304827,0.31471013093084166,-0.27353034606819526,0.40354224037121905,218
1.197290393377142,0.5220440223179286,-0.8745828019614302,1.046996623640289,0.6911644644293533,0.4943807672794521,-0.12785206762426568,-0.016018260722487743,219
1.392105337492668,0.4777822030209653,-0.9587341304458007,2.0161403722300686,0.5409013079649446,0.19217514185869045,-0.30501407396021457,0.3103293768988977,220
0.7403446818914033,0.29615393591829475,-0.5706702771514358,1.2826645316644374,0.5578113374751038,0.41175079693159217,-0.12425048506625146,-0.04919249843960927,221
0.8339674864603192,1.3124328596557284,0.098046232876988,2.0981668282969586,0.4167653255858722,0.27079540558249776,-0.06294638560032867,0.13412022357721504,222
0.24864207216003448,-0.23057347581183593,-0.07732933554651249,1.3628144998941878,0.6820918290407008,0.29037177343372533,-0.13047970999160008,0.4454999637881134,223
0.26242585074835656,-0.2681031870248847,-1.8242187015948672,1.016481528451397,0.4819525591918995,0.31376287266725594,-0.1716248976338499,0.1801861559929535,224
0.24590178214450548,1.1068412276668085,0.5861195008836231,2.1342587367507555,0.22778241796528592,0.3378360594640016,-0.29878733409007496,0.1091344042709233,225
1.1807376571341028,0.7090903453442704,0.21019893282879662,1.1479180844190557,0.6806739940250381,0.28256564353170627,-0.2846850966125365,0.2262474725218382,226
0.22543104623697968,-0.1586842967049968,0.20585519016691278,0.6666646802007942,0.5395806545078056,0.3322069774755789,-0.07503810947033335,0.4981487605796262,227
0.6410773004905743,-0.11124237168013545,-0.32453630706775,1.228986626829149,0.3113911957743036,0.5367177086343277,-0.12206509960946677,0.03019813033527688,228
0.8100720096928448,0.4437332577620007,-0.633565364050251,1.736563247205559,0.30410140652015133,0.44781745284228275,-0.20390195193775443,0.12384281060327867,229
0.8709305115830639,-0.572573428112916,-0.5826441906045299,0.6438131292123308,0.45931510902815237,0.43037318887453446,-0.24179095457658906,0.42969180198155515,230
0.8474547281825897,-0.23176658009501394,-0.9039000063553757,1.1019674868345264,0.49263695905351695,0.23166907109641938,-0.4025807873111377,0.4729242812245279,231
1.1286976387496044,-0.2506548796032243,-1.2269122340084935,0.45509389994840677,0.4394584531262413,0.16661387576575135,-0.3070852418684439,0.23758825308516593,232
0.2574934241950819,-0.33811606298795616,-0.5937326319444902,0.7575487023747854,0.462261734688577,0.4432950837356629,-0.008858091286027658,0.10131367569680291,233
1.3327794911012423,0.6797061482016602,0.012683321667744064,2.2417995147281555,0.7399914749152762,0.4314070188794691,-0.3280455571002467,0.5015012202170991,234
1.1545294261051762,0.12282310621272238,-0.19776862985465898,1.716500659645334,0.6143086304469771,0.5209006013626473,-0.18105201787789194,0.4413330870099036,235
0.015867213090863252,0.20191931692215626,-0.5206519524637515,1.1522236111180173,0.4381271182530049,0.20940290610461557,-0.09925560268048016,0.33147363853146794,236
1.331328858390861,-0.37742119157850984,-0.0021596257207616987,1.1255749611554542,0.5882621161534967,0.2655677016959479,-0.32549226680022925,0.1525117181275096,237
1.020115107903847,0.5487178052329923,-0.42145041766801117,1.250553803716071,0.1934952192944921,0.054077375621184864,-0.1815289525218917,0.2441164790994356,238
1.2309149623491826,0.48628313515633,-1.0616993209783745,1.1982037758043866,0.47958540998936183,0.24112933409086906,-0.1062084462489345,0.23075679027462032,239
0.998346581483442,-0.04915701432813402,-0.31455361646830227,1.2812824046207172,0.7618612699466221,0.44948557658691707,-0.19875006780927498,0.2897021565538693,240
0.9617798538740041,0.36645725009476016,-0.9492459958451098,1.5183321437490072,0.35639082092152524,0.2300256931157703,0.08684030556667682,0.4241201725757603,241
1.1818634868883058,-0.1927835283618508,-0.5688342903831148,1.3731593185787971,0.23047321427618306,0.39607196928012356,-0.36685992588781957,0.3555300449364884,242
1.0290906979958625,0.6451966826988731,-0.2703353030922166,1.3751945704208144,0.26958222228138784,0.2714245341003283,-0.09412714701161212,0.12071487076182902,243
0.13558856338360176,-0.16778136825451892,-0.35915763269189416,0.06126435157738061,0.18207339253152233,0.34860855423323406,-0.21728017373964645,0.4151795740023445,244
0.41496351001607146,0.3106356058452877,0.0004068624757903455,1.6864009667508235,0.24304761837445932,0.1278462915276499,-0.1228079845163325,0.28757585680157866,245
0.6844458275628941,0.31175803979830047,0.29151268521280393,0.9732151530299151,0.32589838028199425,0.31278141744508514,-0.15586928483007542,0.33244789550306997,246
0.809401358645816,1.0714183349405921,0.8947254050516031,1.1993509525928172,0.11888659616427161,-0.14867039563510848,-0.27331561971099966,0.42598490311343234,247
1.8454503681886816,0.27123209684550453,-1.3048794717653327,1.9288798399996634,0.4031236667899206,0.2719655762757023,-0.177100360754066,0.11661037005837385,248
0.877178948965941,0.16355447407653523,0.033819419930596215,1.1078900663202713,0.5804554347573294,0.05542901344272899,-0.38579014513982873,0.24570093055522446,249
0.6018026749737556,-0.7621178453868004,0.22158772237672764,1.1704812620331824,0.21844876397061594,0.4808991774820224,-0.13967524994286062,0.1862254538368942,250
1.624987620428588,0.20786283967648947,0.4776735898276263,1.660465540115061,0.7038567847283538,0.4166111029146767,-0.17018415340094745,0.06185686895614531,251
1.812529225282322,0.21616503601080603,-0.2541198494316038,2.0319971629226776,0.502158417705519,0.3700006472949121,-0.13613398313568975,0.2916051973125904,252
2.011228681079705,0.5523047300247816,0.5241029971699266,1.2505605999066407,0.6061161171248115,0.528150934073907,-0.09418816749128499,0.5513867861901308,253
0.6514624363182998,0.48580809593388646,-1.1205809151648563,1.5624674539663275,0.2684330892295726,0.15766252187627441,-0.16323801597902893,0.029190670659309664,254
0.11422555716888581,0.02570344970140287,-1.0974093753655119,1.0944807318837717,0.5709050454133232,0.5621044796873337,-0.18519105802017238,0.24612632667406356,255
1.3786545862728479,0.044622723401479325,-0.23214011674091567,1.3152913744366599,0.1816132199209374,0.4398287346390577,-0.2881068336661292,0.32686515220897283,256
0.6856350382152749,0.3347635115112463,-1.171556955252328,1.188737658528547,0.5780495001673018,0.26451670691715806,-0.27122207636490514,0.26476938419874174,257
1.4690620831443515,0.254516406615154,-0.8633150865516064,0.5616071264283463,0.43436786795870624,0.4703430220774416,-0.08132653798226691,0.23642463369811115,258
1.2202477252457358,0.7501367058256788,0.013220037578922261,1.7718377041721716,0.5106502439969568,0.13405597313825487,-0.05636645942940216,0.0940940363865011,259
0.6084390347107256,0.28657779343061224,1.145967054040641,0.6001568594240065,0.16488107887502967,0.17632287577084896,-0.2238110436312054,0.27793440915281964,260
0.9000330820237381,-0.362083593550469,-1.7905944669746965,0.38732545584459993,0.22098603154467908,0.20871154151404492,-0.1953997252746726,0.15918832275808883,261
0.009237761479809203,0.12686365835344904,0.7678802436335883,-0.022422836241865807,0.519445643650677,0.2206533437903977,-0.29046143749937664,-0.01279060459742637,262
0.2424228649033548,0.4179786691867754,0.846730557511051,1.7463345922147875,0.21033039915515986,0.14151635358596207,-0.08272431547325552,0.3933510664616477,263
0.8604153040734241,-0.18773847969187885,-0.8952704842217716,0.7993664590080591,0.49264125841982465,0.4834624600642987,-0.13345831763082214,0.3650062983810451,264
0.5907234921324178,-0.3863242496647923,-1.7284682466791497,1.411015817389948,0.12657243870795087,0.26117183994452525,-0.0058782563536251,0.2561993172221296,265
1.4531698354493414,0.9112698247009612,-1.437226762765564,1.5819758841035525,0.5696348425333336,0.35287574525353194,-0.2878323077179739,0.2774889625846843,266
0.35784178337522365,-0.03382843146216702,-0.5564190344660357,0.2043057615720366,0.1534953370462982,0.2144472950379479,-0.23780078990182174,0.3789181615258673,267
0.0051633511751783545,0.3386895327474083,-0.19561868907808883,0.8024857325460075,0.5104599875359047,0.026909504917722427,-0.1768554077474428,0.2769207588133699,268
0.9724002768436079,1.0577527373698283,-0.15392379118856547,2.1849877289418727,0.5251261867292002,0.3405086037587133,-0.13535104622742294,0.3584821065713577,269
1.6651551085514404,0.36881613377147143,-0.5362742434739582,1.5840332700463577,0.260645636314085,0.013161753687033484,-0.22156676375476325,0.21430213589513797,270
0.5916939458054101,-0.20743367198665646,-0.3675290165311351,0.43966698714223706,0.5164053134169454,0.28970489308717967,-0.28729610904537006,0.40743804862887356,271
1.2442294503974451,-0.26769234503498673,-0.6247328793865561,1.3864925703846975,0.4520884526667112,0.09475274417507842,-0.11185924710764289,0.28849428711192204,272
0.8337562709628623,-0.11633428548726382,-0.3899263025575035,1.3069970047845105,0.29223162876145237,0.5980913998846211,-0.12788646374544183,0.2732862332327049,273
0.5060590269976406,-0.17612310721381624,-0.06767347922829131,1.3952815364718396,0.1982890631847584,0.43670440832620827,-0.2916274100563725,0.09759266935455616,274
0.7609881106305618,0.7570404635766634,0.12153453993153462,2.3263423069397096,0.007474861665484167,0.31586306869072206,-0.06445571988945042,0.28443470251620506,275
0.9406563757114197,-0.11419794413556737,0.5516103772446868,1.0616881905491724,0.4699300094599388,0.48955600164820023,-0.08298012908033964,0.15016540990066585,276
0.9700677088018633,0.10871628566653868,0.020204291158917892,0.5836734527473261,0.08703944572758898,0.1730526033801396,-0.18657035027522073,0.17340607281658071,277
0.3290757230004073,0.08779592489131396,0.14862171922470843,1.101669981833145,0.41906883988826166,0.38152190680051395,-0.19204021376239638,0.15215492460206548,278
0.8520192394858347,0.43923144302580314,0.3849354603272199,1.4755967782642432,0.3473103567835502,0.329971565057807,-0.14459422288840929,0.12205180817209299,279
1.1885688924225888,0.9673288198489233,0.10104500136930461,1.4033381182658544,0.5358285550876392,0.3396030122000505,-0.28617030702562585,0.5049725683620354,280
0.8738316739486236,0.05241278984177686,-0.9964335479705408,0.9590050818142326,0.3395909001020272,0.49085302501601513,-0.1969968520835918,0.4097606874386084,281
1.9905505734348838,0.04051953011713122,-1.1603171547315094,1.7648323089599152,0.33411044273058177,0.4098738154169703,-0.41523835446091806,0.4804441002573113,282
0.8330030662284438,0.42890964561569944,0.22034628659795533,1.0674265851375793,0.5463741408576591,0.3433085494237535,-0.11235443544970646,0.10325259765333233,283
1.6137886811341446,0.8565292337219534,0.20658499631211436,2.0388071084867767,0.46701160581682355,0.051766884565755567,-0.35614932224418594,0.2585504499893071,284
0.6138950269652437,0.2744326454701735,-0.659686614029733,0.7297169914104285,0.46323119143655567,0.15599305570808045,-0.04965801715710011,0.09477908497550852,285
0.30718257170136665,0.30163289356578943,0.1919012943048854,1.228489822872211,0.4938535179617053,0.28159365996064134,-0.23301200939664504,0.16651661473635232,286
0.3483836444581818,0.005923144143504033,-0.3035979069223939,0.9843434860806394,0.09288557535857883,0.3140058561414977,-0.2211666981931177,0.13982476199001104,287
0.6627678292583306,0.4851364823868073,-0.5620447651784167,1.8079078909088864,0.5513577359973965,0.13046944129891141,-0.26277339060845056,0.39875008077298735,288
0.890848609900203,0.6648090951725161,0.6819064504425483,1.6984305940599045,0.5224937588027205,0.6617515013367632,-0.22880388739220764,0.20245243862778883,289
0.656419128568962,0.1500925519606289,-0.13774236391304315,0.6125846162370527,0.19666337428470057,0.5274591082880359,-0.05814686548519635,0.37820552004328195,290
1.3941280159498026,0.2663633373832651,0.5140624256027274,0.8311501817468456,0.35118390526515975,0.39031774805887254,-0.44878086565350794,0.32249450675062213,291
0.6198122584687984,0.42957700511182323,0.323960188702118,0.6873138087985358,0.3921385424744738,0.3108055291925617,-0.07230346139118124,0.5264366502525747,292
1.247078441122808,0.883139667050044,-0.46829847253828777,1.4781301734326828,0.37310064311965346,0.26816865451482724,-0.16619765188982918,0.07246669322323313,293
1.6473456204114567,0.8010461878436739,0.9662510224573939,1.5995612560808754,0.46677199331370695,0.15721223099666465,-0.32070216478572156,0.4011079887744159,294
1.1620517080985913,0.1529066362229034,-0.4201482487693629,0.5914110110603203,0.6862733563662367,0.31162207777782935,-0.3075312393049238,0.38757290444808734,295
1.7044560485622202,0.2100146526099157,-0.20400859315178776,1.1171124213164791,0.6163533455345658,0.33866288102141257,-0.0323606972791797,0.13319453943675585,296
1.129046982284464,0.14554150022812767,-0.7757736865299404,0.969349644717048,0.13755616131371878,0.11373591367775635,-0.29455068799427314,0.3708560003767791,297
1.3323187413799045,0.9513770811609245,-0.49590702693387223,1.8174673607129372,0.5244139980612098,0.35012646258673463,-0.31533505105959597,0.29033739556314747,298
1.312206835946409,-0.05285175270938064,-0.9963794175793635,1.3026392531941369,0.665786663907082,0.27671114267628766,-0.08626854576352708,0.22270284880559107,299
