iteration,ζ_health_concern_q7_value,ζ_health_concern_q7_grad,ζ_health_concern_q8_value,ζ_health_concern_q8_grad,ζ_health_concern_q9_value,ζ_health_concern_q9_grad,ζ_health_concern_q10_value,ζ_health_concern_q10_grad,ζ_health_concern_q11_value,ζ_health_concern_q11_grad,σ²_health_concern_q6_value,σ²_health_concern_q6_grad,σ²_health_concern_q7_value,σ²_health_concern_q7_grad,σ²_health_concern_q8_value,σ²_health_concern_q8_grad,σ²_health_concern_q9_value,σ²_health_concern_q9_grad,σ²_health_concern_q10_value,σ²_health_concern_q10_grad,σ²_health_concern_q11_value,σ²_health_concern_q11_grad,ζ_perceived_benefit_q13_value,ζ_perceived_benefit_q13_grad,ζ_perceived_benefit_q14_value,ζ_perceived_benefit_q14_grad,ζ_perceived_benefit_q15_value,ζ_perceived_benefit_q15_grad,ζ_perceived_benefit_q16_value,ζ_perceived_benefit_q16_grad,ζ_perceived_benefit_q17_value,ζ_perceived_benefit_q17_grad,σ²_perceived_benefit_q12_value,σ²_perceived_benefit_q12_grad,σ²_perceived_benefit_q13_value,σ²_perceived_benefit_q13_grad,σ²_perceived_benefit_q14_value,σ²_perceived_benefit_q14_grad,σ²_perceived_benefit_q15_value,σ²_perceived_benefit_q15_grad,σ²_perceived_benefit_q16_value,σ²_perceived_benefit_q16_grad,σ²_perceived_benefit_q17_value,σ²_perceived_benefit_q17_grad,ζ_perceived_price_q28_value,ζ_perceived_price_q28_grad,ζ_perceived_price_q29_value,ζ_perceived_price_q29_grad,σ²_perceived_price_q27_value,σ²_perceived_price_q27_grad,σ²_perceived_price_q28_value,σ²_perceived_price_q28_grad,σ²_perceived_price_q29_value,σ²_perceived_price_q29_grad,ζ_nutrition_knowledge_q31_value,ζ_nutrition_knowledge_q31_grad,ζ_nutrition_knowledge_q32_value,ζ_nutrition_knowledge_q32_grad,ζ_nutrition_knowledge_q33_value,ζ_nutrition_knowledge_q33_grad,ζ_nutrition_knowledge_q34_value,ζ_nutrition_knowledge_q34_grad,ζ_nutrition_knowledge_q35_value,ζ_nutrition_knowledge_q35_grad,ζ_nutrition_knowledge_q36_value,ζ_nutrition_knowledge_q36_grad,ζ_nutrition_knowledge_q37_value,ζ_nutrition_knowledge_q37_grad,ζ_nutrition_knowledge_q38_value,ζ_nutrition_knowledge_q38_grad,ζ_nutrition_knowledge_q39_value,ζ_nutrition_knowledge_q39_grad,ζ_nutrition_knowledge_q40_value,ζ_nutrition_knowledge_q40_grad,ζ_nutrition_knowledge_q41_value,ζ_nutrition_knowledge_q41_grad,ζ_nutrition_knowledge_q42_value,ζ_nutrition_knowledge_q42_grad,ζ_nutrition_knowledge_q43_value,ζ_nutrition_knowledge_q43_grad,ζ_nutrition_knowledge_q44_value,ζ_nutrition_knowledge_q44_grad,ζ_nutrition_knowledge_q45_value,ζ_nutrition_knowledge_q45_grad,ζ_nutrition_knowledge_q46_value,ζ_nutrition_knowledge_q46_grad,ζ_nutrition_knowledge_q47_value,ζ_nutrition_knowledge_q47_grad,ζ_nutrition_knowledge_q48_value,ζ_nutrition_knowledge_q48_grad,ζ_nutrition_knowledge_q49_value,ζ_nutrition_knowledge_q49_grad,σ²_nutrition_knowledge_q30_value,σ²_nutrition_knowledge_q30_grad,σ²_nutrition_knowledge_q31_value,σ²_nutrition_knowledge_q31_grad,σ²_nutrition_knowledge_q32_value,σ²_nutrition_knowledge_q32_grad,σ²_nutrition_knowledge_q33_value,σ²_nutrition_knowledge_q33_grad,σ²_nutrition_knowledge_q34_value,σ²_nutrition_knowledge_q34_grad,σ²_nutrition_knowledge_q35_value,σ²_nutrition_knowledge_q35_grad,σ²_nutrition_knowledge_q36_value,σ²_nutrition_knowledge_q36_grad,σ²_nutrition_knowledge_q37_value,σ²_nutrition_knowledge_q37_grad,σ²_nutrition_knowledge_q38_value,σ²_nutrition_knowledge_q38_grad,σ²_nutrition_knowledge_q39_value,σ²_nutrition_knowledge_q39_grad,σ²_nutrition_knowledge_q40_value,σ²_nutrition_knowledge_q40_grad,σ²_nutrition_knowledge_q41_value,σ²_nutrition_knowledge_q41_grad,σ²_nutrition_knowledge_q42_value,σ²_nutrition_knowledge_q42_grad,σ²_nutrition_knowledge_q43_value,σ²_nutrition_knowledge_q43_grad,σ²_nutrition_knowledge_q44_value,σ²_nutrition_knowledge_q44_grad,σ²_nutrition_knowledge_q45_value,σ²_nutrition_knowledge_q45_grad,σ²_nutrition_knowledge_q46_value,σ²_nutrition_knowledge_q46_grad,σ²_nutrition_knowledge_q47_value,σ²_nutrition_knowledge_q47_grad,σ²_nutrition_knowledge_q48_value,σ²_nutrition_knowledge_q48_grad,σ²_nutrition_knowledge_q49_value,σ²_nutrition_knowledge_q49_grad,ζ_purchase_intention_q19_value,ζ_purchase_intention_q19_grad,ζ_purchase_intention_q20_value,ζ_purchase_intention_q20_grad,σ²_purchase_intention_q18_value,σ²_purchase_intention_q18_grad,σ²_purchase_intention_q19_value,σ²_purchase_intention_q19_grad,σ²_purchase_intention_q20_value,σ²_purchase_intention_q20_grad,γ_health_concern_to_perceived_benefit_value,γ_health_concern_to_perceived_benefit_grad,γ_perceived_benefit_to_purchase_intention_value,γ_perceived_benefit_to_purchase_intention_grad,β_intercept_value,β_intercept_grad,β_sugar_free_value,β_sugar_free_grad,β_health_label_value,β_health_label_grad,β_price_value,β_price_grad,λ_main_value,λ_main_grad,λ_mod_perceived_price_value,λ_mod_perceived_price_grad,λ_mod_nutrition_knowledge_value,λ_mod_nutrition_knowledge_grad
0,1.5201954035933813,-36801.284745200224,1.5195740118211047,-36670.892084918036,1.5232521547020574,-38621.89974020192,1.5255725222624732,-39788.061728228226,1.5184616185193407,-35964.92291400704,0.4103323756562519,-85334.80908733571,0.23340931323909667,-120050.17483764501,0.23240945040871425,-115281.6343905668,0.2545600328464046,-114195.8429535883,0.2675789100121457,-113270.04706537638,0.22399164969800656,-117652.75045399541,0.8127449273592037,-36868.84891730505,0.8243945937289644,-53767.65590284622,0.829022872540863,-56118.850819783256,0.8271582774536,-54398.86865657536,0.8181506450455455,-45036.29981044855,0.2858896276811281,-158502.64841498644,0.23350942625438093,-123117.23481724234,0.29217410743499106,-152489.8746937598,0.3269753996362019,-157786.37827221045,0.3190750375366489,-156409.4110680656,0.26230474136582793,-143944.0250262192,1.4027516198762475,-16461.391128199957,1.4034774650444666,-18542.662059700917,0.3856172425675718,-175768.69969526114,0.3745617032808894,-151055.60812869406,0.3760645480732028,-153175.82142064624,0.4389155501926312,-57988.50628376412,0.4439521913788728,-59732.940596995955,0.4378362095551363,-55515.248217175824,0.44492841409597306,-58300.34442145956,0.4448722704360653,-59347.39224954851,0.4452287354111166,-59353.361548143774,0.4398725214671343,-57764.30726136888,0.4442611320788089,-58975.21811638563,0.4446101977890198,-59451.27382072268,0.4379481765643336,-57133.86481422804,0.4447111051144765,-59305.80555170633,0.4465403730459403,-59701.058887818646,0.44681837281814646,-59895.63551783494,0.4447241301813236,-59422.38035109643,0.44580611723689056,-59565.612793906745,0.4420845958042366,-59486.76863926868,0.43037767693890316,-48345.40272476759,0.44104929162521156,-60214.81900405949,0.4385842698562751,-56662.6719645596,0.3028012891265921,-178364.24732487136,0.3435995377180984,-175580.15062822556,0.3889789972061473,-177159.2391782669,0.3432069637314987,-176263.5075476699,0.4090994439942609,-176441.49782387598,0.4006667526331662,-176911.8512693643,0.4044336678521505,-176734.33135238674,0.35430045780104924,-176910.2287702403,0.39563494412024924,-177284.1164759333,0.39514090443923156,-177448.33919518415,0.33817001422127707,-174809.44489463675,0.40211616178828097,-176398.11284078515,0.4178037530194503,-175636.84696046892,0.4196015270193504,-175467.04657128794,0.39651509644113614,-177405.40642442513,0.40791827329507463,-176722.50248841124,0.3668939285480034,-177709.98925847572,0.29223178298785696,-162840.9857265315,0.35331635593760957,-176539.33524851257,0.3404262951444692,-176769.62205167778,0.8044788459444935,-17500.466540138008,0.8046732748618595,-18149.08431561548,0.5185135004668437,-97557.82851476777,0.5176536249870409,-95365.83567577947,0.5197525080254187,-101712.47771013576,0.5001114029644191,-396.25835932599637,0.49998579180891034,100.81648660861316,0.21831301622629315,6406.217659039913,0.22972135122622273,1100.302690385577,0.21971048458339412,1095.2883211613296,-0.13201615747772374,7640.622029031409,0.8676717187928255,7805.459028784217,-0.5131447047724432,10563.752838090953,1.17872904449227,6417.074332846491
0,1.5436916598557642,-32509.98244134085,1.543598866112425,-32599.94171512127,1.5456210822118914,-39214.209172373834,1.5468160636034423,-43303.27294011534,1.5428424828425704,-30252.368531841894,0.18272116677119019,-438777.53262379183,0.24603900828955438,-97821.75984981656,0.24019527763031276,-99859.0488139944,0.23634076431958698,-122493.28148101919,0.2337160129768207,-138475.41713650097,0.2441064867626863,-90068.45992251424,0.8446163483003977,-24221.7115434223,0.8644111630826926,-41741.84403806258,0.866826102882115,-48700.53286815827,0.8648879276357765,-46049.66176790544,0.8542088313016856,-31170.76500132497,0.3549190187353256,-107960.41256556296,0.3166258788345651,-67201.84792514118,0.3466995310413681,-107449.40890682703,0.3493905023206312,-138599.1377314755,0.34856153157642367,-131416.19796610693,0.3393934822126704,-86702.67954704275,1.4202519828455578,-11007.14261895497,1.4227698850571744,-12690.691145659119,0.4987728548642052,-108025.24462083152,0.4691500208427439,-101184.6438488288,0.47162893399006844,-101945.33224083934,0.47917363883821273,-50597.15869743201,0.48078460270366463,-59778.41252277424,0.47620596457322817,-48153.154188623696,0.47888501023436036,-62202.98058181678,0.4801992350255634,-61883.18078976882,0.48016648797536854,-62335.602779619905,0.4787856556529263,-52034.31155563724,0.4798032697935705,-59825.021775127934,0.4803585535295115,-60455.70943108776,0.47821518955575526,-48861.3791706014,0.48016546490218465,-61726.68237554654,0.48045287374146917,-65217.96208708938,0.48066457025609755,-65717.60828233902,0.4803096122808339,-60995.414550499045,0.48036649685792393,-63072.57083838401,0.4806877377445678,-55514.704214030164,0.46809113864300966,-36439.13805313986,0.4817139284724768,-53936.46362759405,0.47755487023422755,-48748.87309892314,0.40007693536817723,-96365.11543008841,0.3919978748756693,-126793.3785203249,0.3888522883341884,-169444.29072147407,0.3928957484423363,-127091.43033710899,0.38568648150601265,-191041.22474681062,0.38722508162218416,-181388.7991827044,0.3865784905093105,-185797.97842227915,0.3924524180205983,-136246.1832970167,0.3882575931422458,-176976.28376969558,0.3885184473343415,-176030.4232575275,0.39164752959634297,-122564.83462918046,0.3864198888050819,-183547.83959173108,0.3836996683707814,-200852.25243734958,0.383284806973413,-202977.72404657543,0.3883098324920651,-177098.48458828556,0.3861707080338402,-189727.31905075058,0.3920310796914954,-147699.6371913585,0.3818785230255713,-88391.16660248813,0.3921001166419879,-135095.60137150233,0.39384156241912516,-124329.29073276941,0.8213551140316777,-13437.486438435275,0.8221433897258512,-13790.029502020978,0.6086459784500904,-73045.54106347637,0.6060048872696397,-70723.43895561152,0.613695911106134,-74102.19047519012,0.5004824114352956,-363.92381279262327,0.4998756701471421,118.16764639849715,0.2121881032832062,6031.353501967435,0.22865701241089473,981.3275127374061,0.2186645015608326,987.8403677035649,-0.13931669555943374,7044.4512303377805,0.8605126050422801,7202.574094787379,-0.5228407670098116,10088.189311350105,1.1721276207356015,5604.324813722227
0,1.5484508715404763,-32798.34271881524,1.5485488001964451,-32793.589314804194,1.5511459501715703,-39724.7366186696,1.5526789300433168,-43984.47622981178,1.5475302538805384,-30421.327515067762,0.20013651843173041,-366582.9238868895,0.24279463948179567,-101340.2497161356,0.23725137823016976,-103555.77995804162,0.23181974608689243,-128387.21011608165,0.22883820292474544,-145114.50040502494,0.2416808919520993,-92753.77429531858,0.8497275802476597,-23290.17769183024,0.8715860657172106,-40951.09190849247,0.8744106181320206,-48168.13598945535,0.8722688345649309,-45453.02482433643,0.8600450940976113,-30229.95522597471,0.3597607306590107,-106008.82971109464,0.32447698216984006,-63867.40398237648,0.3490124834506197,-105752.07570142142,0.34890011524039466,-138736.7480144257,0.3486662766660212,-131135.67756916466,0.34507161434530204,-83797.21985458801,1.4234420812523914,-10367.89575106068,1.426317123783209,-11977.693787194115,0.5112187186733455,-103420.00146199294,0.4810037542507306,-97100.3084622272,0.48340902618886683,-97948.33146262176,0.4873881709039923,-50751.40295346117,0.4897269638271626,-60625.34599953151,0.48396107642849245,-48417.00843692927,0.487945869514448,-63297.15319428144,0.48930370238641313,-62948.488615280374,0.48926743217983126,-63409.759753244056,0.4870177747346065,-52444.038323005065,0.4885938914002883,-60629.7570139542,0.4892317304922234,-61380.18123986531,0.4862472760136164,-48990.7962331485,0.4892785827745712,-62807.26493271675,0.4898428792768126,-66506.8053819595,0.4901023963652247,-66937.29394283534,0.4892668415792355,-61930.1338415857,0.4894816939398288,-64198.139361376416,0.4892063181717706,-56057.25841220798,0.47475707749883395,-36252.32013262517,0.49025386654389097,-54296.45170907771,0.4853303633784332,-48939.48716261118,0.40510901049814146,-92546.98520581183,0.39154130892060474,-125347.03282585571,0.3846929550643234,-170921.3860797066,0.39268538286398663,-125447.17351618322,0.38035099638246955,-194113.39626982092,0.38226451083409474,-183753.34535240874,0.38147521795690986,-188443.0483849513,0.391077885429454,-135279.1807479155,0.383829624104345,-179016.83483120255,0.38404049658910655,-177928.5668018967,0.3917742710420888,-120742.81213217508,0.3814656594877772,-185947.08073616275,0.37791326008107096,-204472.45412397568,0.3774270209143755,-206840.07064748314,0.3836614067047896,-179185.12461187225,0.3809164433460638,-192595.278192007,0.38957760950741405,-147556.86558539452,0.38678611970770455,-84616.72785907975,0.3907239554329058,-134087.0743615784,0.3938815869406039,-122560.74295396588,0.8246761313274866,-13029.080125995904,0.8255466937348998,-13381.073725795532,0.6257002416918948,-69008.30032561098,0.6225887233918944,-66813.57328993226,0.6310113013023604,-69867.80633712425,0.5005679669681687,-360.8258517347483,0.49984404054584425,115.33841026493488,0.21073841191506656,5998.937056533486,0.22841692122424237,970.3494789806658,0.21842662850999583,980.4838958426245,-0.1410112854014029,6991.635250076962,0.8588591623474235,7143.9204240700365,-0.5251562424511237,10067.166546508171,1.1706496313550503,5531.271128594566
0,1.6138947968829467,-33628.023639180195,1.6158702429841116,-31504.141845368744,1.635535041276559,-32516.60950449177,1.6471885517630864,-32722.775509155235,1.608894678216675,-32034.434908124058,0.19910073654833277,-400159.19622916053,0.2214932104193727,-133712.9025150073,0.22989368340232658,-120291.35720675623,0.25571388923996424,-110211.68726214179,0.2771667937123163,-98366.11839306723,0.2158163213581083,-130376.79758356315,0.8970661528494352,-20407.554085996166,0.950818130899259,-38455.12599127532,0.9679262394907039,-42659.21697012166,0.9610063643741344,-41371.77573975559,0.9164488003150866,-28258.08719936225,0.3608203066380501,-116622.7644506406,0.3401660395966057,-60611.00891103708,0.3253224850738601,-124626.52155793628,0.3402972859800403,-146889.67432620891,0.33613350369139383,-141304.38318700105,0.3372127262104384,-90204.20286143845,1.4547061764385985,-5124.6110440219645,1.4613699407808778,-5763.527545985575,0.5673024733107123,-93730.29760656462,0.5542150512815154,-84749.95866364935,0.5550131985492612,-87800.4766571086,0.5962592563852898,-59802.80998636056,0.6249477944623703,-65644.59576563022,0.5875016550042729,-57607.09086044553,0.6319818016830075,-63170.164290026114,0.631999361959628,-64829.08941548813,0.6325851137332827,-64346.244035946256,0.6007489208242328,-61654.526952386164,0.6223325686457436,-63496.41515892591,0.625501349655021,-64897.23975707854,0.5911888909194337,-58648.40843632365,0.6320827464063263,-64212.222987482535,0.6424430695656738,-63689.33050519216,0.6430868050873432,-63525.80362037256,0.6274893053061922,-64949.30303863877,0.6342028610223197,-64325.59290428806,0.6105626917338636,-64286.8545396059,0.5525385685607515,-41712.27692185841,0.6072073479436655,-63473.21941091501,0.5878649927644959,-58451.13791111912,0.35221605612667356,-104027.28287739739,0.33180187735454447,-143615.43793228955,0.3580377453415905,-158878.96141780878,0.3338753329418514,-144014.49601891017,0.3826160577822342,-155151.79544908664,0.3694794729674704,-158961.82922146565,0.3754838474940576,-157180.46215254394,0.3345910079288254,-151538.38350916168,0.3687723333565315,-158082.07035232513,0.36550629519959715,-159007.93970415625,0.3315041456790822,-137954.70401909016,0.37251526682117286,-157548.34026521392,0.3932584858953022,-151537.9183156603,0.3971542289377622,-149720.64376273818,0.36614438866501786,-159313.05257784508,0.380227958251938,-156024.97164927705,0.3407959312532409,-157270.1472827934,0.3403805942077172,-90975.71022525325,0.3327438229354249,-150680.97291718415,0.3329946967323193,-142020.1890744355,0.8618854242048584,-8882.40204307505,0.8635461224563495,-9038.366554352539,0.7941492408898534,-43715.06198142693,0.7855652204070831,-42166.143371720456,0.7975356184097029,-44018.49255891801,0.5016857564501368,-309.3929440394195,0.4994152909634319,104.32612344602988,0.19141888676164714,5869.700408225992,0.22534078562051227,862.5706561674615,0.21533027661870843,906.6765154703301,-0.16326385806143623,6633.852895963021,0.8371961124611498,7382.315454501045,-0.5565196237658372,11611.283965764342,1.1519198689358336,4842.714414937948
0,1.7773627017450966,-22265.46831292881,1.7768050189839881,-21229.260399107818,1.824472564647134,-21983.631380907358,1.8510719435247303,-22707.059715543997,1.7631219176667337,-21819.165741230103,0.2221441772924953,-394904.3103844141,0.2985384522319746,-95198.46869103996,0.29678509715538326,-98555.96147781433,0.3192741374726119,-90944.32064651938,0.3274238934288757,-90876.9444588709,0.28888603310906175,-95834.00831846028,0.9923888188512712,-16813.478981892298,1.127807147820442,-29205.04415923818,1.1751197172093684,-29413.939623137445,1.1598403068845315,-29464.639846186383,1.0367674698019225,-24791.662816975375,0.3774509700111947,-123180.63344569124,0.3284389660021664,-72022.47057032137,0.313857891658056,-138400.4936083705,0.3639582762380891,-126811.01928713784,0.34932537916909706,-130056.10716134071,0.30561036773313716,-116527.17077262029,1.5078365902320154,56.568879476592954,1.5201510882109848,-383.374933953893,0.6255903630236844,-85865.1707499186,0.6572993765022282,-70378.01235320636,0.660962199856402,-72047.44052343142,0.8894751763400767,-65352.72050667434,0.9783808410467152,-60389.51624798118,0.8686182988369533,-62992.3129479033,0.994500482812064,-56032.615783014546,0.9965338705509599,-58129.0221032253,0.99606848126374,-57075.3004718931,0.9087153403222237,-62571.752067859015,0.9658138988713488,-57173.28984075148,0.9778948851987671,-58488.89266418789,0.8759325531892206,-65222.654912155784,0.9953666020187107,-56690.70010679352,1.0195618970538405,-55950.92991890271,1.0191802784648702,-56434.51765207593,0.9834799839528009,-58451.44242258522,0.9992504863878773,-57359.49233957803,0.9360970432010391,-62601.70936494792,0.7531773976991578,-54507.62807174393,0.9224944382777299,-65091.579664501034,0.866986726994079,-65509.82148436345,0.211425596342109,-221555.17570540713,0.23625977361695405,-146125.84044666815,0.2969895026215771,-113644.54571749449,0.24020954535040362,-152306.9982775684,0.3332849977990618,-104475.31833208073,0.3164961783102371,-106391.9082392838,0.3237253817031896,-106934.94682224795,0.2502046809285764,-143585.67242901798,0.3167444371282181,-112897.80954601848,0.30985971002788876,-113260.90091059082,0.22628184143432042,-160713.4414210541,0.31967059590283725,-108853.68200449653,0.342999874719609,-99283.45960917289,0.3474169270172875,-96056.79623971901,0.311889171990558,-110596.93459812505,0.3289758127888437,-104613.40571675655,0.267837116409933,-129446.03191609749,0.20219927450082575,-162122.5362493898,0.24490484030680965,-140797.03076449427,0.2338812878820781,-156086.27420412,0.9351747194268827,-5111.127802661646,0.9379822095796557,-5240.728396948812,1.0924091659607469,-23748.918581854527,1.0729973252990548,-22588.966330136154,1.0867143524157457,-23685.86881582683,0.5042134867684016,-236.3490634488684,0.4984134922001522,84.53044776481597,0.14518261428654688,5440.494291094514,0.21831554606988257,625.9141560749825,0.2081226528211082,684.1530048091561,-0.21570068023262762,5667.928848841748,0.784295415215472,7280.432493944518,-0.6373777087385143,13670.175220455934,1.1094149023715323,3285.2708504906695
0,1.8570830681308275,-20715.27897646994,1.8574791716392465,-17760.42507163837,1.928349644645155,-15861.220328514684,1.9691471497912914,-14656.314322189784,1.8373657982754041,-21133.66239463648,0.24154451895421764,-352215.7783025081,0.2918826482400686,-108187.98600920677,0.32305378236340737,-88601.99921400647,0.3893114556513525,-63361.95113323452,0.4370375963015378,-51879.294478200274,0.27611999739268994,-113534.83645974513,1.036261579367169,-15569.559435650934,1.2134521794660469,-25504.836172659645,1.2777923847689252,-25820.13163826846,1.2579944833189398,-25613.072509500187,1.095531350814009,-22401.571439829753,0.3835459368096972,-124090.84187666056,0.31317108200744526,-83434.62792931948,0.31679360506110177,-134990.4984341866,0.3654530499369178,-123095.75591348675,0.35178167711046704,-126567.55794483998,0.3055855871465621,-117783.25077960997,1.5283360348344137,432.4728319741895,1.5437772936556278,-171.62865564395065,0.6190385048642166,-87886.6909930062,0.6769593840778114,-66676.06584004509,0.6788701667788213,-68169.48974893954,1.068688465558373,-62542.120112760815,1.184654476642533,-54672.76350175136,1.0405526353004615,-57341.29458474239,1.20861191754602,-44329.13509535793,1.2107285515492925,-49501.1384842174,1.2095134997712411,-47007.44135656673,1.0909110172223693,-58796.78896107524,1.1659009184214466,-48264.2735130529,1.183314620281343,-50441.06939693584,1.0507847707319877,-54987.44312754135,1.2076574862633596,-46531.78031902096,1.2443925391979513,-42012.88027834801,1.2447506630080207,-42233.300596380075,1.1914706046337717,-50544.97621743272,1.2150767677142873,-45937.38239335948,1.1266990370812016,-61996.18922738406,0.8861404052735871,-38577.796902777125,1.1099227575953066,-64003.54279446526,1.0399503431824153,-59632.13502510413,0.28160818268443394,-115243.68122038431,0.17749527031288287,-173678.7171967811,0.23731707831151555,-113465.29651541644,0.1908958591285955,-171683.37378046004,0.3063526655418781,-80195.67828301589,0.26785838748544555,-94068.29425933471,0.28694606270829554,-86202.66751450353,0.19034032639646112,-173116.2379089999,0.27406168660060903,-103702.41325325298,0.2620023461896855,-104038.13659497385,0.1910259312541801,-155649.0960079885,0.28106156282321304,-91318.71474787018,0.32914776185484457,-67183.48147385837,0.33599654260575035,-63113.1382482645,0.2619870957545542,-101833.39985654097,0.29677812489516603,-82987.43815312533,0.19674838278512144,-159027.22705192846,0.20261871969087278,-122384.40890659466,0.17891580651933864,-172020.57290083473,0.18752446987709792,-167226.22187680297,0.9711930413942907,-4139.708882520734,0.9745931989152732,-4254.520704177256,1.2253319498844986,-18703.959613645464,1.200070892649173,-17842.061677924747,1.2118551120148378,-18844.67557942835,0.5055938883840808,-208.22235083149647,0.49785057401711086,70.38799411617612,0.11870342775651369,5310.749867945939,0.21458135487890648,559.3474885530321,0.2042535924104092,635.1225326074223,-0.24491962141214582,5434.011059729996,0.753624248460441,7453.981331979183,-0.6877137791117609,14730.044454785499,1.087175882871506,3275.1233572305655
0,1.8616310609583713,-22299.034111536865,1.8622259180388367,-18589.868421912994,1.938880588718738,-15429.286293134888,1.983608883283473,-13465.52969455978,1.8415851568545925,-22726.108970420566,0.24264387525568093,-343491.1663871528,0.27212215488608943,-118435.39805688252,0.30808486353059455,-93144.72755187897,0.3948404563441149,-58227.65945066047,0.46684236879235613,-42427.208905811494,0.25650155413726683,-125828.24448780592,1.0393474353793721,-15051.96620736186,1.2183468479258808,-25577.29197505806,1.286157594156826,-26069.43101723977,1.265040350568621,-25749.16150576368,1.0997099362588505,-21665.894943189345,0.38474970067185976,-123704.26317310923,0.3236464849997334,-77968.99360334002,0.3153913827813513,-136152.4157029466,0.3590748305926756,-127529.45871702587,0.3477175993794949,-129595.0947325628,0.3161131627819585,-109595.37720402188,1.5296180402248012,578.6673311827753,1.546048551617535,88.96294341457406,0.6145756700045207,-89316.95500243678,0.6714616836916719,-67916.184773817,0.6708158373585659,-70232.98046054013,1.0928405158920351,-56285.21783251723,1.2083538381997323,-55186.45674588382,1.0608579762876147,-52498.64184721364,1.2308957266686391,-44204.38188134654,1.2346176028250146,-50285.283206745626,1.232318379910931,-47551.43264295206,1.1123134706072129,-53285.68955410443,1.1865512571406989,-48634.29963166343,1.2052535400638649,-51208.34355299718,1.0676247427225636,-54097.229215747575,1.2296259346495635,-46927.72308473834,1.2680371730985645,-41088.83084367968,1.2690489220975516,-41114.76683404442,1.2142762777483118,-51427.80148979467,1.2378660817929577,-45914.66450528783,1.1518270918705316,-58015.47905357018,0.8960808520513234,-38038.269687626926,1.1349452867502359,-58309.98395965996,1.0609753061012765,-56373.6345016421,0.2559297848506823,-142385.44832787313,0.1910192375911756,-143370.67326198576,0.22881835635462605,-119001.80434187433,0.2016240031643555,-151770.1332305304,0.30067672605909856,-81231.23211846026,0.2571124830618431,-99415.05991935177,0.2770132009814533,-90454.70929595642,0.20331531396501304,-148814.4013990417,0.26762926168281886,-105754.86848398227,0.25293030993345683,-108645.2397190526,0.19028232917982724,-154764.75279336324,0.2722612502789183,-95511.59034026304,0.3287581126589137,-65408.413291999226,0.33752023498033884,-60253.80980757919,0.25223493330976804,-106479.60989362323,0.29032013628900205,-84547.80157891262,0.20367451804470296,-142910.9282754095,0.2010778158604026,-126237.71089716506,0.1908354129253752,-143197.55799843767,0.1933035111416542,-152459.84858978502,0.975104692576222,-3963.4698546811983,0.978635385985303,-4071.2170330219847,1.2381923846121983,-18395.188019600922,1.2121654907096253,-17528.183050413365,1.2232231946939407,-18543.99450813837,0.5057612985467935,-207.78008831931373,0.49778250179651723,70.38821219320477,0.11499575257018971,5169.029478541571,0.21417207421885257,517.3325987868783,0.20381328078297012,577.9806853687056,-0.24871871235020865,5167.43062949427,0.7490216817499235,7436.708472642146,-0.6967526860644118,14543.473760087778,1.0845256514400252,3191.241754727914
0,1.8615375106181322,-22570.402489618755,1.861488531711083,-19101.141450760035,1.9394885382866782,-15631.263889292344,1.9852890627299136,-13306.808582575719,1.8416596787135406,-22766.456814532045,0.2425967147331077,-342951.5974489187,0.26971476258837906,-119798.15399240483,0.30104449337069367,-97217.15586326821,0.39003616822409465,-59383.33835180963,0.47162802696462847,-41227.71420804984,0.2564600537557319,-125147.96806792979,1.0387612227096572,-14804.960122903944,1.217043464944812,-25432.797903091458,1.286288561173127,-25918.06946195004,1.2644656910362553,-25624.088697414987,1.0989028657884952,-21415.073955748896,0.38744655204883494,-122592.74749916085,0.3298150869163117,-75441.95114820886,0.31765355299168846,-135111.74950300192,0.36014889869953837,-127680.85176412729,0.3493433379950528,-129204.09602962683,0.3195363139189294,-108034.02834259174,1.5291698157865963,507.3771825517537,1.546011551485582,30.27751176763209,0.6150200813362732,-89058.83606726587,0.6688177841060583,-68307.93073865115,0.6672107893758327,-70878.03347247827,1.0950194904255097,-57683.729533857135,1.2132830937626526,-53878.94620700242,1.0616857621480145,-52534.69086003816,1.2334097266258282,-44355.55594919956,1.2391331515032569,-49885.837626433575,1.2358525125331823,-47555.421806047176,1.1129170368708705,-53536.79356814986,1.1894074001940778,-48344.63535717975,1.2090338612825837,-50720.64778171072,1.0685947720528464,-53040.51366699488,1.2325534531062388,-46773.51752010898,1.2700631646346832,-41261.27266447712,1.2713111777733532,-41220.51362997191,1.2185737689467384,-50971.07820172514,1.2407367098466853,-45984.03186146563,1.1557595893523676,-57270.05131407429,0.8945144573858226,-37896.01935895451,1.1377587496621882,-59504.039460901215,1.0634133819137994,-56341.17309599303,0.2512218791501466,-147898.87470923652,0.1860945375240865,-150496.28733321145,0.23267030829110205,-113777.59524163775,0.20142988676090678,-152068.67299760642,0.2990516434022689,-81730.49614350467,0.25756455273279205,-98183.73142250952,0.27585922614423514,-90613.23873874954,0.2025536174340328,-149866.85476097837,0.2685677123036782,-104323.33884132135,0.25431032007597965,-106481.7754262059,0.1939577158038208,-148625.1138252519,0.2722156388742283,-95086.82933694066,0.3270468546490981,-65827.42653957223,0.3359882622488034,-60599.90579477896,0.25328406643295903,-104439.95218549084,0.28908496156399,-84811.15598915872,0.20522299466763955,-139439.24622399142,0.20312928062305297,-124049.84748757478,0.1864968845122949,-149061.13284629455,0.19290110126481427,-152282.51710200394,0.9755296864979439,-3889.3627375941614,0.9791084739980564,-3998.641382886815,1.2390245995641243,-18426.07164788245,1.21282057693095,-17566.286689413642,1.2235434554293825,-18590.974732737428,0.5057949692101428,-205.25970299818624,0.4977691249269796,69.72418783325543,0.11407001228368967,5121.850164964027,0.2141389198313074,503.947081830854,0.2037760291158958,563.4443373488996,-0.24945364172801526,5090.30305827676,0.7475934669554919,7406.376943761054,-0.7000527558378488,14485.549205689793,1.084044829473365,3167.8176923186443
0,1.861341507069588,-22628.209153149972,1.8605551169746943,-19471.23581442519,1.9398331021959048,-15949.581845221688,1.986523206425023,-13207.38521223421,1.8414034580334808,-22764.55394659439,0.24247950797380877,-343313.879990122,0.2696169709028617,-119869.53959473959,0.296577654734516,-100300.03208576379,0.3827723724001479,-61759.642054640164,0.4749140166702357,-40574.29349284449,0.25704686093844836,-124565.7556467907,1.0371190951460518,-14616.01125632439,1.2140859510551805,-25357.09649077984,1.2855475114222967,-25651.342422427304,1.2626254911311199,-25432.212307936297,1.0966897416945898,-21261.706550622635,0.39002523910925824,-121527.79946570414,0.33570508172706787,-73087.03912277211,0.31946582658402073,-134519.7327505846,0.36295590675433914,-126533.38329220806,0.35183395474034906,-128243.21667883062,0.32155125940547624,-107596.74540427758,1.5285882453817097,408.6026007538691,1.5460548892787314,-68.80410406545734,0.6166376845193375,-88392.61954672718,0.6661791358426699,-68633.94493525602,0.6635449437064986,-71442.63336639728,1.0979882114425985,-56762.403291360155,1.21674879935074,-53574.803630643684,1.0603913662195543,-53032.80714130705,1.2352574345556702,-44247.9167107615,1.2433965815923138,-49303.16768870706,1.239192727781907,-47234.17955256198,1.1115301975425487,-53936.77844796035,1.1912908462577214,-48040.04159912049,1.2120546056321047,-50341.30956464993,1.0660212771688697,-54555.6670560828,1.2346483657433274,-46413.34844948517,1.2709587116228234,-41330.8922630283,1.272443626194984,-41239.48461145909,1.2224713130116625,-50539.49729301514,1.243011814387355,-45794.16668452139,1.1582392473848178,-57916.533887954814,0.8897808045766663,-38711.5428961249,1.141458349396375,-58694.95483761325,1.0647253788563946,-56778.40290319975,0.2518085722602524,-146982.66861143158,0.1879081639710189,-146224.7934755876,0.23249427363192945,-112895.7384186995,0.20028415734817795,-153811.2517525081,0.2987135607088435,-81568.57110205693,0.25847176528475324,-96530.3074383921,0.2761438468998056,-89617.60810228123,0.201794428814713,-151015.94508759884,0.26939364282693196,-103123.75591735377,0.2549531357355008,-105000.47684339173,0.1896334484805323,-156456.1647206732,0.2733236031562534,-93710.46551847686,0.3260389153351639,-66008.83967404097,0.335057666475178,-60772.73354274282,0.253686877679063,-103058.30039400475,0.2891320784143551,-84260.40030995932,0.2020231393179921,-142980.42411151322,0.20189807812656405,-126317.9112980664,0.18763794373593912,-145574.72708427644,0.19093253660236154,-154865.56668384044,0.9758625590209793,-3855.8342118644464,0.9795195536473175,-3966.10561940392,1.2401112260888454,-18411.742210499197,1.213674585434035,-17561.94918677581,1.223969920579683,-18598.900789755917,0.5058322697621969,-202.82910208808343,0.4977543374547794,67.91777912872115,0.11294674460848694,5099.144883066693,0.2141459032204764,498.13180485914455,0.2037823248636318,556.9257209914787,-0.2501920647069744,5053.356966108332,0.7456695794490791,7396.114742941642,-0.7046597988376276,14490.923467118668,1.0835081523565804,3166.0392268984124
0,1.8611040056304569,-22272.865380573214,1.8589467005788918,-19142.446636461904,1.9443626042354707,-17092.024593297905,1.9918400253448147,-12981.425082843924,1.839598184534006,-23144.612601199806,0.2422400238600877,-344491.8498500177,0.2753251156286547,-115066.78412697419,0.30494549984638225,-94662.90044377667,0.3581826772819106,-70467.18210099796,0.48292360379778876,-38865.359820454876,0.2553360474513852,-126603.09507715417,1.0249788069616605,-14404.590024593475,1.194667103055437,-25779.04089015228,1.2784872135231535,-24833.575168078605,1.2492803950844087,-25050.652090657128,1.0807682185252616,-21428.599229913343,0.39243702416119136,-121039.8654978688,0.3459677431448758,-69802.85837570541,0.3191163818992523,-137894.79874689324,0.3724322647397552,-121980.34383869237,0.3579221891200035,-126301.4103082284,0.3216564059585956,-110196.09980742079,1.5271328999045548,189.2706966984893,1.5484907280680131,-274.7195794216363,0.6253539077923196,-85553.11754959908,0.6583978199686337,-69845.93524462455,0.6522134080355861,-73512.45526080363,1.1065428482261372,-57184.29276005588,1.2264488009158838,-56901.59067099053,1.049891497162672,-53511.42811123858,1.2413718578252162,-42928.87555389253,1.2588774307626793,-48457.915964143904,1.2524333958331864,-45827.954106727266,1.1005339300331556,-54020.33588531071,1.194865999120789,-48099.00507269445,1.2212778306448102,-51110.41323717055,1.052537473934575,-52687.62370920288,1.239411942360888,-45650.66028068147,1.2725201943073046,-40657.994508412616,1.2747908212265207,-40490.97978995322,1.2367920263965322,-50733.525187947336,1.2507770841257184,-44505.57094995774,1.1703105139955485,-56937.09599613503,0.8611773031248711,-43066.798891206585,1.1550758143055246,-58543.079792866505,1.0695826025531125,-55250.710126037935,0.2517693683003421,-146232.01602868707,0.18255382167034304,-151430.9532747271,0.21451487231060767,-129854.56647989117,0.20315361373989424,-150647.57452072838,0.30388211171418394,-77224.59362072895,0.2547547136409989,-95753.86253602848,0.2777202021561524,-85209.89919023588,0.20625187851223706,-145719.5859010543,0.2664664375283878,-104448.8489496593,0.24680059619388434,-109187.41411932735,0.20130318122079066,-141645.27486364494,0.27485808928727534,-91110.61149047881,0.32981183816712834,-63742.79743809288,0.3392564745940351,-58398.58866305855,0.2456798965317332,-106186.11490135068,0.2930622794331535,-79875.64260726831,0.2001371229178491,-140959.92244264047,0.1972482362518823,-137821.48179659125,0.18212498365736463,-149246.09401486244,0.19376188656125534,-147652.57842099576,0.9777371489498828,-3767.2909841104693,0.9819074018783536,-3884.200492226135,1.2508134968065066,-18092.658114581667,1.2230332023150792,-17294.111031977143,1.2312603328811773,-18379.444262858626,0.5060200439473758,-199.01054113064643,0.49768826374557096,63.617618847302474,0.10688604705425671,5047.4270759428555,0.2143199927547236,485.6806765278604,0.2039735816920993,547.4726534427708,-0.25369778364396556,4981.372953493882,0.7346676728106865,7410.432303386459,-0.7313377707420838,14666.946456172946,1.0804748419956638,3142.089154512466
0,1.8608316968738414,-22123.797981895234,1.8580218945641511,-18534.21167982387,1.951878600314924,-17223.034962532365,1.9966195361347028,-12844.877530151198,1.8384698326640367,-23040.13651058963,0.2423999110785884,-344204.2711609087,0.27758757445661053,-113267.21518966997,0.3162159720249115,-87734.64905976485,0.351768117843626,-72633.5702352356,0.48534544366073895,-38241.08268427004,0.2573457236851158,-124780.4377474702,1.0108934427190837,-14849.470714976975,1.1740801720651994,-26233.232009892337,1.2689705572062056,-24907.05664737924,1.2337881901732748,-25332.977248428047,1.0631647327309446,-21961.217004675353,0.39111977555616473,-121857.24666097469,0.34453691575991163,-71128.24193019733,0.3217010160479718,-137359.3034879966,0.37435405637569374,-121393.80370107379,0.3598536671526635,-126052.65601681748,0.3226412524204837,-110616.35720399354,1.5264076057515077,159.7525886151005,1.5519551707829145,-275.43204933474703,0.6298665569852256,-84254.75096263002,0.6542195183827045,-70692.93874625287,0.6464136015866143,-74791.98915253989,1.1142971543281635,-56124.853694972284,1.239547025507285,-54312.230958928885,1.0389419504504487,-54310.43565311995,1.244766429632585,-42470.83587744447,1.2717268023074542,-48547.29765355016,1.2628811567884568,-45709.80083378543,1.0885338617241103,-55340.467485598034,1.1970139459192135,-48248.62138692711,1.2303508819006692,-51102.87625990124,1.035777282996187,-54771.5723291919,1.2414909892542787,-45991.941329152454,1.2723328153178288,-40211.5942736486,1.27512166554909,-40030.157734549015,1.2503751959714795,-50525.28304048311,1.2557518964864975,-44226.759689739265,1.1814021789568299,-55342.68806803553,0.8373317498323457,-43029.097029025135,1.1676229056078073,-57326.30752040685,1.0718302792591683,-55970.00132402377,0.24800464714643386,-150667.06664425554,0.18232797634375816,-149508.40452828803,0.21877269819993334,-121039.90991195534,0.2049989686280494,-150337.6340862551,0.3051503639192476,-75871.94593117831,0.24790217555709576,-98520.13273993768,0.273092573401605,-86100.11337803231,0.2065246124522764,-148126.7025920854,0.26420314496010466,-105947.28560095798,0.24237491326689245,-111320.2347105378,0.20076929859006953,-146888.4678939642,0.2717337014005124,-92679.3406337245,0.33338393237369707,-62190.08490099667,0.3430377407419043,-56748.735997588075,0.24018211448868446,-108125.16727721918,0.2919920702654017,-79604.54374974963,0.2011195842855489,-135844.96193417808,0.21065188323658202,-124533.40116797604,0.18047291719077238,-147977.4594554481,0.19021220618429238,-152525.98746821753,0.9795259156472901,-3748.1856477909446,0.9842684819696987,-3864.728599992341,1.2625422165036977,-17700.531479365174,1.2334255245074663,-16939.215630481416,1.2396101914238147,-18072.94926763706,0.5062063361587671,-199.02553239241243,0.49763034286558266,61.4312338378948,0.10061383352033393,5008.457498007087,0.21456295445444584,476.9945743892772,0.20423503263467518,531.5401717020745,-0.25711728750867774,4898.073732150211,0.7229173481753747,7412.72508874022,-0.7601424788397846,14737.773915595882,1.0772856804113073,3084.944113372487
0,1.8604143047237407,-22187.03376580472,1.8561503438730171,-18581.812685226734,1.9622493923608249,-16435.769428760625,2.001319558016113,-12749.779837389788,1.8376608099447789,-22757.412551437472,0.2423594503610323,-344266.2823989552,0.2759317600982929,-114848.48478697658,0.3157175262004567,-88083.64728432934,0.36000405733493795,-68664.38334351615,0.4833387273909466,-38422.185198673935,0.26000768948833086,-122268.28030980797,0.9951925171542846,-15560.901425162712,1.1517454783549856,-26607.867337597923,1.2573493826220896,-25363.08180032765,1.2161715490100833,-25811.943103644837,1.043959426967774,-22420.73250328415,0.390426358528202,-122082.82570194037,0.3398545416095971,-73818.33272132462,0.3263972316493555,-134991.76568337635,0.37210385607199087,-123587.75196091273,0.3603489017500418,-126856.25383321034,0.3259264439955255,-109398.20885774729,1.5259876263438414,66.28609881216254,1.5562794659117496,-356.91529007549644,0.6299909621923019,-84140.92765438044,0.6536129775082149,-70688.00804254266,0.6460871889081332,-74659.96271997511,1.120422940846652,-55530.29231749318,1.2511825255111408,-52866.30054001507,1.0286830125598583,-55054.15672483988,1.2463009376623944,-42796.92024593097,1.2852018009015993,-47638.84294915605,1.27302532662952,-45824.300767623296,1.0779507931990155,-55455.80740731141,1.1994038086003072,-47503.82806595032,1.2408998663534183,-49334.55823048752,1.02033919045575,-55073.39259400048,1.2434515737849448,-46138.97062602195,1.27040283633051,-40268.707414453995,1.2735734215788348,-40096.53959411699,1.26514082080675,-48837.49974292492,1.2594249119483785,-44524.96081909028,1.190309133463498,-56060.29804133326,0.8137054005445958,-46466.767449238534,1.1786603625450687,-56222.480004263256,1.0748120606835891,-54331.81708743462,0.2500881610620996,-148087.94367317233,0.18122182986437896,-149929.95767817742,0.2193056898179104,-117461.55950134831,0.2068627299496078,-149791.43516886272,0.3016889079885972,-77512.63066243043,0.24565766290536392,-97676.09272029075,0.26694905540747466,-88484.91845021413,0.2107818468865275,-144310.8635042389,0.26653080768058457,-103868.31722544458,0.24567175244815198,-106040.21910580157,0.20607214668102822,-143362.59609595963,0.269829555264586,-93540.21036338629,0.3338309661860491,-62214.042612267025,0.3432990481225883,-56748.88162631143,0.24113760519105007,-103976.42873151883,0.2877925603899658,-81512.10234519075,0.19457317415361952,-142943.80976733268,0.2073222243220395,-133794.9056986871,0.1787541065019624,-148143.09688282173,0.19423335420445628,-145433.25895907785,0.9813935828187945,-3752.20553163073,0.9868012610082295,-3868.8643052654693,1.2749281140447204,-17283.55183049131,1.24442140279945,-16559.53770810724,1.2484353289062413,-17740.764275613525,0.506413547558114,-199.46836326106757,0.49757510106557473,59.54344054815909,0.09357636144927059,4959.005432946475,0.21488611552882117,462.3836794089555,0.20459392720077826,514.0610784730771,-0.26072587166752254,4791.685345732158,0.7093861315042715,7395.120668739815,-0.7935999339352715,14769.29889731775,1.0737598754442137,3022.4481833146715
0,1.8606306482629196,-21733.084307869718,1.8532429386908098,-19332.264415742622,1.9751852571435073,-15222.348775193861,2.006269198045284,-12751.571140060827,1.8367628868790722,-22650.476776557127,0.24222194846619194,-344379.6995575877,0.2798452567996635,-111507.2882346151,0.3035242487343723,-95803.02368001614,0.3758485326097272,-62177.57275935628,0.47608347956032177,-39501.86374622031,0.2602050332552948,-122080.21021953571,0.9773584651415671,-16150.796396828238,1.125255945501292,-27372.025001294216,1.2430842479039568,-25491.110395888074,1.1950890125658185,-26070.573119403267,1.0213303946177876,-23033.97477387648,0.39265029176625166,-120740.15084067987,0.3393298795285848,-75038.62967884491,0.32789063803292123,-136146.4767812066,0.3751160019853366,-122847.21405456554,0.3647493359627787,-125556.25798875173,0.327992823276822,-109720.85776497584,1.5257514682914974,-91.75597678005809,1.562103359351934,-502.6790415287721,0.6226742649731273,-86057.26131633343,0.6564249062044692,-69840.01878750468,0.6514578823168145,-73068.71826478753,1.1240725740580724,-54948.86854945421,1.2587358286680723,-55831.17747418673,1.0215502806069665,-55548.64789858344,1.248014912989035,-42991.05331495251,1.299746075712275,-45504.63304280899,1.2860908392190555,-44263.836889538616,1.069316593693217,-56982.54891845881,1.2011703854144242,-46514.073955831715,1.2500611720337829,-48833.920915716415,1.0067231604938047,-55725.15786679185,1.2475307416645796,-44887.846907590385,1.2671420126427102,-40810.70825613796,1.2705535057240611,-40741.52847420269,1.279042306897855,-47906.57556938135,1.2643009852773672,-44107.45002793463,1.2014878547279424,-51813.97586073119,0.7995872174675198,-46980.4431603365,1.186461132677791,-54949.164331214684,1.074404904620507,-56998.778129102364,0.25028268696934713,-147723.8244970093,0.18112792687872512,-148865.97657180447,0.20416190157567285,-134041.99603519973,0.208245136848344,-148889.51297844507,0.29887690353372154,-78717.2075980231,0.2490097348417016,-92009.45080223278,0.26879526218598193,-84836.34337401715,0.2088785407085496,-148695.18381285106,0.2702984793776558,-100837.70077427552,0.2433428868430088,-106062.04506066638,0.20893824280089676,-143122.22741319775,0.2748313962740388,-89070.61823465026,0.3308960524185443,-63670.80534527103,0.33931227719118556,-58387.075356900765,0.23857902600455289,-103115.53214836383,0.2875106366355983,-80714.65494880409,0.20470032084822212,-125680.70562194276,0.21246489209471453,-129673.40928486153,0.17864406498166002,-146578.1818119947,0.18476146117902323,-161895.77844218764,0.9833803996014044,-3745.397295815033,0.9896582234006378,-3872.904156723529,1.2862823374260273,-16910.17540664017,1.2542844605005379,-16232.262926850888,1.2556379682628636,-17465.97871765205,0.5066816838677519,-198.40451993598325,0.497521256918615,56.58469466821416,0.08459859622490248,4858.6551333743255,0.21541459360787227,438.723987024446,0.20519396221144126,489.23237810150954,-0.264783760343226,4638.288980145985,0.6914519445975734,7290.041409138174,-0.8385333521295741,14620.423664602878,1.0694924820569998,2840.3661672352664
0,1.8607362428982506,-21584.64176223496,1.8528186800974833,-19406.0561210796,1.9781627158087096,-14989.026376917054,2.007557912265495,-12746.233782095753,1.8365290354037231,-22693.729259535397,0.24213700836401805,-344385.4164738092,0.28093471582712654,-110508.11094575681,0.3016703939024243,-97035.59071654851,0.37789450007102365,-61344.15924407754,0.4737351601934963,-39846.71947767597,0.2590444596457679,-123183.98629837214,0.9732722502482776,-16185.183401833905,1.1187515849398282,-27644.876154890942,1.2393823655504355,-25426.229901899093,1.189718024138463,-26104.79401286861,1.0157737130219144,-23234.9454267962,0.39326591453633186,-120456.82138623616,0.3415066175474506,-74303.42186173444,0.3273705523296117,-137267.55446348048,0.37749102715944993,-121658.2396565953,0.3663937208247153,-124939.9375738258,0.3278398721721954,-110338.34876782927,1.5258966045959725,-171.42620140641586,1.563988837021321,-571.8991515969371,0.6196168607552336,-86806.4267619805,0.6577333983669122,-69380.49773036211,0.653650556303215,-72372.35061541702,1.1236562378821897,-55125.75452879319,1.2605636508807712,-55485.92410947675,1.0215728450915573,-55716.741991373325,1.248793678569539,-42784.26104319595,1.3020491000629901,-45350.43080725961,1.2891687341777445,-43717.426992029075,1.069245388271,-57020.70858873326,1.2008404989082857,-46606.53616824976,1.2512314952444934,-49257.30081698791,1.0050352862137812,-56036.15321310361,1.2486050855230995,-44588.73903441439,1.266535279198372,-40913.649545846674,1.2700098368059056,-40883.36624853715,1.281158519838256,-48176.01639379678,1.2657406817446266,-43768.9180875151,1.2022232313538492,-52238.165369957154,0.8003875759759767,-46658.00610972161,1.1862329407560415,-55093.788880852975,1.0747437084626361,-56062.02608589444,0.24899619218664182,-149310.52060493495,0.18076377347731318,-149622.49133439787,0.2046613165908363,-132874.23063431698,0.20774582583498374,-149489.68308783622,0.29983189457363596,-78130.90893278677,0.24862480539055382,-91938.65922629292,0.2704567240049523,-83263.57957972314,0.20888676380412657,-148579.4402155674,0.26991242932217224,-101246.59379284769,0.24072956906430382,-108257.42728010443,0.20847094412186512,-144333.27980009772,0.27612565224124225,-88021.97187618575,0.3304698030136494,-63922.53098222806,0.3384880932584365,-58766.813674133125,0.2362417413912478,-104838.19923909516,0.2889759893719053,-79633.87965040206,0.2026737205758924,-128255.15091758975,0.2135740281990103,-128060.00562795122,0.17825513696918527,-147437.09961705148,0.1876116838289738,-156881.38748336403,0.9838767370460549,-3737.5750458297334,0.9904178026412349,-3867.2863996666615,1.2882202751638754,-16847.936818206454,1.2558955669080587,-16178.769069276537,1.2565467113970266,-17428.12702790923,0.5067604975763009,-197.46981714479654,0.49751178441666305,55.62337852944292,0.08206256332232878,4826.603134893618,0.2156108577833516,429.69806810025034,0.2054191531158088,479.37450533242435,-0.2657207489882947,4582.401910753208,0.6861546598390552,7260.151347938244,-0.8520090702835514,14568.846122035473,1.0684239563786075,2801.7811007551086
0,1.86057067555233,-21627.884947900766,1.8527058516200103,-19245.74801769316,1.9818770006441029,-14849.355824798991,2.0097302738842795,-12723.886766082505,1.8362655839712267,-22690.478255521368,0.24195886570528216,-344770.84921251395,0.27957833038638835,-111685.70423450516,0.3029413864324122,-96346.50512612195,0.37664884655666553,-61746.9704681521,0.47107301481355396,-40272.111607536535,0.25823582252613825,-124153.90908662825,0.9676720923898402,-16208.411299264415,1.1098437725537507,-27919.862576474083,1.2336565088753169,-25482.9878251929,1.181731861114771,-26273.13994378033,1.0081025731812339,-23468.549521543584,0.39347057956723563,-120465.85525904153,0.3455499843504975,-72806.22318604511,0.3282962505463697,-137313.46123915847,0.37947755113957465,-120861.76545414426,0.3676483876211611,-124802.44286246524,0.32860226784707897,-110478.5498456134,1.5266082254578095,-275.693473528777,1.567535887060353,-658.7269090049531,0.6160858471103268,-87596.18821281167,0.6592963394125425,-68749.8059706013,0.6560949835921618,-71495.16188942222,1.1221499728467745,-55241.80281434334,1.2623834307708464,-54854.22092957681,1.0237965397342836,-55559.68910924984,1.2498893197514278,-42450.53193885116,1.3038986635967913,-45562.83924827494,1.2923139190936295,-43504.615914084825,1.0712804242292508,-56750.18496004782,1.1998629214894487,-46860.339802087714,1.253006065492806,-49206.19413535855,1.0050459671498015,-55569.221655761496,1.2495779115068617,-44630.57152713166,1.2662167120782362,-40879.87308066739,1.2699046899488198,-40875.616361432876,1.2837539957026705,-48122.26467823925,1.2673624358045075,-43479.130793712655,1.2024938540057868,-52458.22818861205,0.8048695138295843,-46831.290696321346,1.1841193205346445,-55179.68009985867,1.0733594907861514,-57226.08078331414,0.24925348315888515,-148967.3744154041,0.18130568465209862,-148957.0212347446,0.2063294769692842,-130255.66573885616,0.2077356068604074,-148620.38842808787,0.30167145210941687,-77045.2705541355,0.24664466834035037,-93246.49160900267,0.270236923370034,-82929.15522127639,0.20918002362726518,-147576.18000561674,0.2690426923349686,-102202.39390166955,0.24030208101134748,-108315.61466710572,0.2102902958200327,-141817.9363913273,0.27550016537765293,-88339.14805779168,0.33116795403990745,-63681.6831746435,0.3388443041112731,-58657.82447941669,0.23537152932329125,-105182.92869798241,0.2901559884665815,-78756.78134311375,0.20184792321950631,-129355.59500967019,0.21074479456129067,-130594.85629299926,0.1790817179795124,-146647.64568138344,0.18437533550194238,-163433.5732920288,0.9846976217370986,-3753.279295035762,0.9916889444935291,-3886.5210588032924,1.2906113208463856,-16743.585447458256,1.2578460000162208,-16083.94425153216,1.257462865336776,-17356.052972914054,0.506890161984802,-195.89899763024044,0.4975031958231511,53.410213641743574,0.07801305819694399,4793.442633943947,0.21598729038727427,421.72860977428957,0.2058523590767882,468.6650967275116,-0.2669464304149607,4521.654150543681,0.67743257130681,7230.42532164899,-0.8743932491352072,14523.122924503525,1.0668832063304003,2763.590696507591
0,1.8602714457633822,-21663.552449406347,1.8525787439180281,-18972.473279453967,1.986945480019448,-14779.571798802743,2.0134265480032023,-12652.207296390587,1.835959980969074,-22475.78164448432,0.2417728595909078,-345835.8703426481,0.2779132424892135,-113874.88923695519,0.3056377502255314,-95271.25793719503,0.3721589153167476,-63630.36443695347,0.4687298603337336,-40803.3574938058,0.259439054978217,-123903.37918928752,0.9594482802229183,-16409.434424772702,1.0972216952807055,-28306.299785640615,1.22498111966993,-25858.282722757103,1.169883161939068,-26658.69075608681,0.9971675668758266,-23797.74716053594,0.39318348809315845,-120672.17111393144,0.34939006696697344,-71382.50407860953,0.33050253360864,-136335.62515100488,0.3798315016121511,-121007.96525433779,0.36840310841962876,-125153.899603349,0.33040661890067796,-110005.32057170746,1.5283738784567016,-413.5352523581338,1.5738374039103267,-778.3585735603514,0.6134380645037332,-87923.52683071674,0.6602609783873035,-68043.48643969797,0.6575135176540117,-70603.91746956512,1.1194475323166535,-55920.49583931643,1.2632833300406445,-55522.95631018812,1.0280112275302011,-55924.95395542824,1.2508913800443602,-42268.807544770156,1.3063227304775986,-45593.01086197279,1.2958898441513724,-43699.24414633137,1.0749126412066954,-57046.78425570861,1.1986143469885304,-46938.64807673289,1.255700209310206,-48686.82174220065,1.0052587863833815,-56280.988359966075,1.250829756086706,-44875.093780251525,1.2660918456994452,-40741.16314993909,1.2702573848273395,-40720.035619881695,1.2873753500515863,-47587.70053745989,1.2689810277310292,-43479.81612132851,1.202863984728189,-51934.332112009266,0.8139594296646085,-46389.88520912264,1.1798815942754302,-55897.319258807125,1.072189814928495,-56518.46031400307,0.24913459096310878,-149248.88187431512,0.18116173884623707,-149619.25455711002,0.2039569793138093,-133663.07732411343,0.20558632243258135,-150187.02791628387,0.30291131360294143,-76510.62511111233,0.2459060590814087,-93641.3372797788,0.26786735884679447,-84060.50835994878,0.20683412283256516,-150603.83392052283,0.2698341961088596,-101987.80129444478,0.24221066285394255,-106167.5008690033,0.20792143807107533,-145455.7001620962,0.273981745699897,-89383.35877554711,0.3331456589698742,-63013.908992158824,0.34080254338443383,-57970.78717717685,0.23671039467223037,-103604.31894695258,0.2899013430547294,-78877.36485094605,0.20440320644507268,-125994.4544339339,0.20865007071249464,-131293.34757741122,0.17933849217785147,-147480.1129967843,0.1872542776249219,-159534.2284246739,0.9861701395162619,-3868.7367281620463,0.9939080958237199,-4004.7100546087927,1.294413675622755,-16506.635679761665,1.2609965744348934,-15855.4964905564,1.2590900208293807,-17160.377080173297,0.5070978444958408,-194.18029242984622,0.4974973111784217,49.44249852577686,0.07160894839980426,4773.4072789235415,0.21663684256126012,421.0109579763986,0.20660503175153389,462.4393091031532,-0.26863771972543166,4475.831625733488,0.6634226310738025,7193.797913330509,-0.9104780748988165,14472.54413921275,1.0645742076241222,2754.985013408351
0,1.8598910432593823,-21047.72744954822,1.8513302785782044,-18915.965813627423,1.9937086760851728,-14744.997635464479,2.019932824480129,-12367.042273454867,1.8347312434451388,-22087.039379534308,0.24171655702770686,-347244.1225063856,0.2837632879267658,-110809.31008042984,0.3050397360694375,-97081.09604836149,0.36522959445398095,-66844.61926460161,0.4694918222078744,-41154.40548594357,0.2627917097576212,-122451.50215096392,0.9480413927988092,-16939.131484517664,1.080374939078835,-29057.997557653587,1.2131812050693478,-26606.61916698134,1.1533612457995575,-27286.229260797427,0.9825345120462057,-24284.377462192144,0.39263267829481985,-120909.74077362067,0.3479751790749949,-72448.52213331041,0.3301875466084057,-137840.3433639039,0.3764511829719786,-123758.52494022367,0.36863757688554705,-125989.6164102501,0.3321843692552711,-109700.45178133625,1.5332631531963878,-628.9816566464498,1.5863364735852714,-955.3177258030199,0.6171271971857009,-86318.54789353404,0.657731023107706,-67942.76990788622,0.653255087090891,-70823.69325746008,1.1167606943711719,-56026.30311946194,1.2632698189347753,-55755.10922768366,1.0367075920071098,-55428.71820650145,1.2503668434179462,-42618.852695066584,1.309499103446526,-44368.20046650816,1.3002001366271212,-43493.64144369716,1.081929394465102,-55369.301202131384,1.1969321088516676,-46387.49102337273,1.2574236360963604,-48776.96971363693,1.0079196733914784,-55603.32097449082,1.253165675588822,-44305.322945361746,1.2655259206950353,-40382.098546899244,1.2706762859184284,-40286.21274046547,1.290097479298894,-47286.49037094331,1.2698906014202849,-43804.65570411988,1.2008102952177362,-53030.09561115381,0.8291591367054085,-44411.36536274808,1.1739552779916074,-56035.43888592193,1.0680835895126213,-57159.91482696438,0.2481524000693716,-150128.94522999114,0.18161922958093812,-149455.10833090448,0.20256785863380516,-135644.14481674545,0.20384137806802513,-149640.4418373458,0.30042713837295665,-77709.44456871854,0.250409180561029,-89412.44684897306,0.2657777963294068,-84985.08146414199,0.20970836350652408,-144286.84543784393,0.27349206489258615,-99289.62678597808,0.2403433449359864,-107538.47579095635,0.20900504214054397,-143010.98011262095,0.27521006021479416,-88432.86351361747,0.3352273563385776,-62472.087290105956,0.34371546603347175,-56773.96787039695,0.2365338612250877,-102858.1514721853,0.28699169423843707,-80172.77193000002,0.20065288854908825,-131465.96004813627,0.20911121892032783,-127512.86135726976,0.181086622690142,-146061.94803455033,0.1863693333606207,-162531.05944663336,0.9896835291108228,-3927.8874627162168,0.9987407963043574,-4064.9480586555414,1.3018203550481837,-16204.266014340095,1.267380601536867,-15567.354737351388,1.2633736605842865,-16911.875109347373,0.507444706089309,-193.30501389923057,0.4975141531170504,46.24535307094496,0.061016834132632,4684.150416940804,0.21779541791052395,395.78216380392377,0.2079810929596588,428.8461434454519,-0.2709176180668504,4287.846731236066,0.6399269605511368,7077.736897968737,-0.9712678971274071,14312.197321585327,1.0609017223568595,2618.429817690387
0,1.8570144608144348,-20346.408004053083,1.8476903447189075,-18868.800619630838,2.0025850223810293,-14353.85037534841,2.030130985460469,-11761.722529284987,1.830335459370809,-21881.93135643514,0.24189919877053487,-349523.1712541938,0.2924637385925356,-107191.59757824082,0.30426922189017414,-100872.70703101586,0.3650856751857705,-68450.2036437215,0.4775661582494718,-40806.928397071366,0.26483269669336207,-124535.95240662499,0.9344690471141014,-17618.820983250345,1.0608266204758487,-29470.899136253414,1.2003064526403742,-26815.068890729824,1.1327065412221773,-27703.07884628671,0.9649737631171927,-24664.169613116683,0.39471625431437707,-120068.28692750921,0.3436094167392809,-75515.34459886097,0.3322216516919563,-138740.1038687028,0.3787563648145826,-123758.68429432261,0.37259403475809205,-125130.2025550211,0.33410934267146547,-110443.85748116784,1.5448177921684505,-1441.9416772479683,1.610567028439897,-1739.7913091317303,0.6290563232441014,-81965.7389989318,0.6489187549450582,-68237.31967774764,0.6396129480603837,-72095.61643299011,1.1157433528342902,-55131.80448454672,1.2623227102981252,-53875.513429525105,1.0516392373340657,-53863.44940547923,1.2485441166472087,-43459.64809241945,1.3093261170638326,-44737.90501870818,1.3050422371433832,-42375.67856201055,1.0883655432059425,-57546.407112116096,1.1927381213270503,-46968.42790246518,1.257689830759317,-49270.33677730639,1.0129568606988482,-54813.86318528924,1.2555108827879646,-43447.307142005964,1.2627529391683805,-40632.74291920343,1.2695086997248142,-40525.21996322409,1.2898063111010747,-48503.47177187955,1.2709382485560325,-44023.37798989949,1.1989544282771563,-51445.829208534786,0.8457947843789511,-44981.635729191956,1.1668587015209624,-56485.72468963926,1.0613462381248888,-56756.74316409998,0.25166049969243554,-144849.05375906435,0.18489289908031276,-142297.76267616494,0.2096925662888544,-124780.58925494939,0.2026823242984449,-146348.67224576455,0.29527205292454844,-80057.00759748745,0.2481320669469117,-89847.3190421135,0.2687424774207774,-81824.79272753053,0.1990541825568007,-157335.85931485443,0.27163322190316314,-100795.53509742187,0.23701026854709828,-109922.81694660021,0.20924197725859078,-140663.23119813573,0.27845392667023877,-85319.61778618756,0.3338670000164049,-62945.81353360448,0.3420393717637505,-56852.222092250915,0.23051181308297355,-107127.11016026656,0.2843805911967739,-80829.94788623916,0.20698338404239996,-122632.04423863463,0.19699242859747598,-140151.85470151936,0.18201305538246954,-145587.074013451,0.18959141974683336,-158576.90627496105,0.997297513236854,-3984.279471938864,1.008668809561647,-4126.319401317445,1.3150611640245504,-15688.321409436778,1.2790280496845179,-15075.500573339908,1.2722644892576147,-16452.55365643157,0.5080277528961407,-190.47208840720444,0.4975868600680843,40.035523381332176,0.04365502446603613,4593.781295043343,0.21992234522739118,371.1850061488427,0.2105638590291419,405.0115624321042,-0.27338834417220453,4098.81416134228,0.6007602225395737,7030.743473336806,-1.0734212261043747,14290.04693961565,1.0554672970021832,2530.37148685604
0,1.8490947530889041,-20189.64638788686,1.840571154169716,-18426.34069584139,2.0132404104236814,-13580.54175950192,2.043635719811837,-11007.287432489862,1.8213296070607226,-21443.4353590889,0.24281961212788108,-352471.84854912426,0.29830065304120906,-108272.30656113454,0.31236062141006943,-101223.30097166795,0.37814291642304504,-66142.07035164858,0.49326568546889255,-39978.49567159152,0.27328857450844796,-123463.03746489031,0.9199623076915827,-18009.408288270864,1.039074804611554,-29165.59216627205,1.1870199529014531,-26096.425137035712,1.107806561260794,-27620.924798320724,0.944667656452427,-24923.529246689042,0.4006396860578271,-118008.63879662404,0.34524889038281736,-76639.65579717475,0.34202356111625987,-134553.4057114215,0.39240863244863167,-117852.4625227616,0.38213306499336397,-122306.33236814091,0.3387078378734954,-110334.72343088491,1.56758174743812,-2012.6863803483773,1.652985798495244,-2249.659516350481,0.6424768193954837,-77374.00770563386,0.6327124430087284,-70116.13004241123,0.6168442034545366,-75491.84152575191,1.1152187594176155,-57253.02870628379,1.2562218487694579,-55325.5397533561,1.07157641820061,-53476.35645379713,1.247126242948999,-43791.81915262604,1.3053441079978763,-46788.30406235531,1.3081864334781033,-41317.897482400695,1.0991650622649762,-55643.44164811661,1.1865680909535883,-48313.98359563093,1.257676624823098,-48356.2357917741,1.0195629011714762,-55673.099838471986,1.255999434794744,-43453.271005621486,1.2571279805596087,-41681.92973800975,1.2662703900215746,-41788.150615154234,1.2885926563413432,-48683.66308413198,1.2729825353423683,-43504.456734663654,1.1933968824191432,-52007.757970846775,0.8643247433274243,-44371.920351138506,1.159588361590719,-56611.07675946237,1.0499004998153214,-57981.95892125753,0.24887996026645354,-146439.5697579758,0.17751103144858785,-152204.16037073574,0.20642910312450652,-127052.35079767283,0.19534408546884827,-148699.3582818181,0.29264947033983074,-80446.77073359567,0.2379498431791588,-97018.10675881465,0.2727871654478311,-76835.43063644822,0.2012196344716937,-147237.58633703896,0.2664346031532268,-104397.05628672447,0.2404828948781097,-104500.7475737688,0.20288189014759747,-145675.73150576168,0.2782882311815893,-82893.5820644509,0.3275927897415027,-65123.53681247362,0.33242348701302615,-59730.37817403726,0.2287502658538221,-107287.53129489615,0.2849264112455605,-79041.92302031249,0.20599638182132574,-123366.54912522639,0.19023091553809815,-143329.93092251383,0.18299742658278356,-144935.71976970325,0.18898974727028028,-161923.4367513713,1.0107617883401918,-3975.2508776895875,1.025847038148381,-4139.589260967702,1.3346020327193844,-15038.660058541358,1.2962662377161942,-14462.348392467473,1.285916153206934,-15852.86432761934,0.5089355209036693,-183.60346781383046,0.49775350206091123,29.700839820197864,0.017046858407783336,4246.237487533682,0.22346865077122516,285.3196354028867,0.21490039942061315,303.44063716348035,-0.27563159959782035,3517.4494129273494,0.5397716173488637,6515.435657147298,-1.233433864427213,13410.170876640743,1.047815085268037,2015.3240264660117
0,1.8458574760756203,-20061.921951121032,1.8376086938767373,-18299.770072881503,2.014848778848573,-13346.560758517007,2.0464619527258576,-10800.362803627944,1.8177585798716818,-21230.257542311923,0.2431944978675183,-352968.16905992717,0.30036172300877273,-108602.77127741711,0.31638813566488483,-99576.10136828772,0.38215888332391795,-65555.11033042296,0.4975943585519048,-39791.07284657974,0.27662560101692324,-122430.30945220594,0.9176895757569595,-17851.47558231758,1.0345429677902445,-29359.77931481428,1.184339551796984,-26113.05352516409,1.1022286990260202,-27709.747328574576,0.9406159531221256,-25072.09192558303,0.40168155204585115,-117266.52035752352,0.3493048460099117,-75004.4707521715,0.3426192052719634,-134253.96425398474,0.3948076935926077,-116334.23890386506,0.38397690634770965,-121413.31229885851,0.33973703004688927,-109762.01353264223,1.5760668112545517,-2113.297467988176,1.6673245086087218,-2333.55171957991,0.6417560736770725,-77267.10004213837,0.6285912880784016,-70651.46921360884,0.6121701543360479,-76125.86734373661,1.11707275597258,-56050.3151633817,1.2546777894695262,-55863.82727773242,1.0764230949551066,-53430.273651456795,1.2473403627626334,-43593.454760753164,1.3050730465496712,-46344.58315235321,1.3074082098648068,-41630.72007339764,1.1005837242011118,-56926.102965130594,1.185954770049058,-48058.3212673664,1.256731253305288,-48687.50935326797,1.0222329325668555,-54848.51850582391,1.2556152518951615,-43873.884646487524,1.2558838767071596,-41988.0294092568,1.2658989251879493,-42101.7897575392,1.2880804049279968,-48375.62800503128,1.2733601605980545,-43401.51980954866,1.1914935970738048,-52779.29103124275,0.8667301238318617,-44352.053016075006,1.1582855630707545,-56999.368324145515,1.0470037783693682,-58234.06189059189,0.24699434734609843,-148515.51504834215,0.18052070442495896,-145263.29322269533,0.20508895443677896,-128265.08338613927,0.19363207059695905,-148771.37125245677,0.2934753813973867,-79688.36301493467,0.23985834558672858,-95172.11788805944,0.2706196980925339,-78073.82306119555,0.1961673121743194,-153892.3090080695,0.26733654272215623,-103894.27787673463,0.23891746972764408,-105832.67896607633,0.2046837366783145,-141676.39359059735,0.2757658719483436,-84064.22139516525,0.32600417112357205,-65525.244300811384,0.32966687857294347,-60699.746235869374,0.2300052122672807,-105851.15731944008,0.2850700410045568,-78575.87051207646,0.20355988184460125,-126544.31208448808,0.18952803752951813,-142744.56639700508,0.18187214533690202,-147020.2949276121,0.18921983487685337,-161860.75010749747,1.0152522121166414,-3832.910151605704,1.0315043687488696,-4000.393702873315,1.3395916940174977,-14967.518847110068,1.300638997348035,-14423.056055130684,1.2893902305703986,-15818.751038368811,0.5092050164868615,-182.81827254670023,0.49782572169900224,31.98492463001469,0.00940996009198711,4108.8757220412,0.22467004277124428,247.92732273099946,0.21637631698725496,263.45404586031543,-0.2754130886800176,3300.2854494111107,0.5217985271476809,6310.4670508085865,-1.281214251194139,13072.224484384344,1.0461478435630043,1797.4393665981622
0,1.8404519508924362,-19792.22520380096,1.8324311187535218,-18304.659360959926,2.0143490064904936,-13225.869825808644,2.048126377407691,-10608.396773154365,1.81159822903849,-21109.42572282853,0.2435012650801166,-353406.36967992375,0.305595756377372,-106434.07436946806,0.31951865825442355,-98354.27213103193,0.3838683052948773,-65776.14824696587,0.5016828111797279,-39584.7620810126,0.2796105704064353,-121780.9711382493,0.9165227754355368,-17558.62546711788,1.0309178065072668,-29794.486129995556,1.1821912193939181,-26377.39774168666,1.0970268899719384,-27936.92203846331,0.9377057560142786,-25307.09021922351,0.40120357985227917,-117424.40140423538,0.35595241075430556,-72209.26973292699,0.3401400320280306,-136423.3835453002,0.3935498247651786,-117008.34643498684,0.3840186676972418,-121662.5961675999,0.339327578964108,-110061.83465009173,1.5889532736187968,-2228.2682542396205,1.6877772478252142,-2418.0595596067383,0.6357114887220751,-78424.45135876653,0.6253410417338341,-70868.1615588043,0.609988635335179,-75961.65509294791,1.1193301430265046,-57149.48817259298,1.2548151794440354,-55234.65390307191,1.081379700242046,-53143.825670752085,1.247991347479842,-43352.0019895925,1.3049569825311416,-45620.23542332781,1.305614849403061,-42247.33396767869,1.1028044891515347,-56674.696209840535,1.1858991565562793,-47554.318300690604,1.2551666995902195,-49401.042494475645,1.024476988696326,-55288.90859886729,1.2557495645923455,-44356.34863803107,1.25540998638257,-42242.237625267495,1.2667720211732776,-42243.82125143097,1.286513777553087,-48687.417742681406,1.273527276323738,-43497.931898377254,1.1909221296704398,-52079.50793247886,0.8656968325587492,-45262.001806752,1.1586554797917012,-56165.25904023008,1.0445618694593204,-58277.63252165295,0.25035631189037993,-144302.5477845449,0.17613507645493467,-151613.74541210744,0.20741408899668556,-124638.51058951161,0.19283741730271034,-147573.4316880532,0.29450986821533637,-78902.19583820857,0.24349958503377342,-92033.40928781127,0.26746346124403464,-80213.0888292976,0.19630072600917467,-152242.98653784036,0.2695979297401608,-102283.56143658696,0.23600904688970648,-108821.48071791315,0.20216094769462278,-144313.64823693375,0.2728536257363148,-85557.34518202847,0.3246106533728179,-65841.91968644584,0.3278639104337071,-61199.27644144564,0.22915340716469265,-106799.20735207929,0.2842539519827992,-78824.73746272032,0.20645963520527402,-122664.82131651345,0.1866891228605939,-146858.99831221375,0.1842591972056154,-142677.47469220817,0.19009776019869537,-160655.32670258448,1.0211946645402497,-3720.8705104685478,1.0390355785609113,-3895.74105304028,1.344601630264952,-14869.885336990308,1.3049981485350295,-14346.33007236306,1.2927373445943797,-15742.6816827762,0.5095528182604986,-182.2291940714406,0.49793770736706033,32.720889780261714,0.0001196047255524052,3962.361821109652,0.22648395503042013,210.15868133003926,0.2185963891831228,225.50810522853124,-0.2736374796640203,3084.757159764895,0.4991379149630925,6074.505879310363,-1.3426634936298882,12657.662678497316,1.0452067806589593,1532.7895189185322
0,1.8329050264990034,-19740.522381155606,1.8255952508449174,-18601.24851339636,2.010871774731509,-13475.011978437822,2.047280826448408,-10627.777144200474,1.803202199966005,-21307.644634694097,0.24339433125125662,-354161.3415671993,0.3110182195988422,-103295.33210025732,0.31906496056913836,-99201.35586042798,0.3802938015640692,-67364.941909218,0.5023376185457238,-39587.399819978324,0.28162845243926127,-120925.45581741515,0.9153682399597699,-17576.504879795277,1.0292633175198322,-29870.27084456932,1.181064717107036,-26678.356560515847,1.0929753208349495,-28163.94018423563,0.9365067745788962,-25550.49548468684,0.3996040633822784,-118299.09628582961,0.35695602901238294,-71770.56746097388,0.340546339324742,-136080.08294773198,0.3904298874449141,-118864.3344769053,0.3833049768835008,-122292.71547731875,0.33735783093771204,-111352.64197644951,1.6048568014572786,-2179.757026749416,1.712045416255702,-2306.396298113898,0.6272683303263034,-80461.84912728374,0.6246930212757545,-70767.48749563686,0.6114183045519026,-75237.62858056351,1.1240839835429026,-55507.20075690964,1.2564094935272982,-54931.5631609849,1.0850634262704235,-53191.190165947475,1.248515669656248,-43450.869695822104,1.3033299921247736,-46419.727599924656,1.3051421489299253,-41865.300459535094,1.105031989647142,-55966.44431126411,1.1850986910567018,-47735.627643632986,1.2554392209111906,-48421.78965959224,1.026890257308027,-55117.631336793354,1.2582289349502558,-43816.253147199524,1.256775347199002,-42156.96086721027,1.2695410807933631,-41882.00785782527,1.2849446400428621,-49150.685121420924,1.2737989823950997,-43664.43749748801,1.1909109837044258,-51683.350935403556,0.8626154283460512,-45623.19038637553,1.1586492345482327,-57466.535642866955,1.0437826818191132,-58130.31289224987,0.25203671743472045,-142358.47239200922,0.17928406185720341,-144591.70314762226,0.2078886190831135,-123647.82440656466,0.1910888327766653,-149290.2008525634,0.29353600441256433,-79437.01912934701,0.240205351549438,-95099.03491728324,0.27020672153003644,-78600.86737842667,0.1978972003244439,-148988.60167446133,0.26893292047595063,-103054.6165104649,0.240664984846771,-104412.58796611559,0.20176546140257137,-144246.82200017472,0.2748900600176747,-83830.26706193246,0.3246055007308891,-65640.7915695187,0.3291148603930498,-60367.55534889571,0.22784573132546615,-108446.81145288948,0.28307107248999025,-79505.24124748552,0.20810137443162052,-120642.10006094298,0.18692644087857055,-147211.52623795418,0.18014014939787287,-149664.4487865336,0.1909300869178148,-159475.01622854517,1.0272970046575123,-3670.196114682212,1.0469985963293351,-3847.1238966432265,1.3476019482324113,-14796.9756545259,1.3074843851315532,-14270.900881467314,1.2941092227320121,-15676.455714702413,0.5099389967117404,-182.74381311317467,0.4980730968343169,32.79074718729484,-0.009314258175247735,3822.146944798761,0.22887086620745,176.81528263989313,0.22148173115140504,192.67744533026,-0.269662837715716,2896.552512993048,0.47499529746092317,5817.3894775953395,-1.409947963736645,12169.774710784115,1.0460832561592277,1245.706434053669
0,1.8258397891990792,-20059.981324106513,1.8199410764899993,-18883.28656237197,2.0068354602737113,-13796.399914334595,2.0450556184432775,-10755.059904875046,1.7958252748368262,-21650.03940095054,0.2430351840264278,-354989.6291799833,0.31097339511461286,-103453.5904916253,0.31856875346881036,-99579.38774165403,0.3759828013648742,-68926.47971323077,0.5001818691433052,-39880.68167850337,0.281808305199283,-120975.75861647232,0.9138272203674306,-17869.549130439806,1.028650146862024,-29740.03289829545,1.1807140591208243,-26759.096257627538,1.0902724306519715,-28261.920519556705,0.9364611835824659,-25583.11892585904,0.39935103249263,-118324.45473028194,0.35237892594210973,-73724.10206099333,0.34281987145578613,-134035.73409919278,0.39001223790644757,-118922.51318639705,0.3837129962161039,-122004.56263163505,0.33725643988954546,-111274.42139555661,1.6185305798912653,-2098.469509815494,1.7326094484055443,-2165.883409739405,0.6231717409760789,-81506.11682082663,0.6257581796398899,-70401.48372702641,0.6136037605868215,-74520.0733123039,1.1265853916840154,-56270.782013040094,1.2585977703937947,-54994.708639777105,1.0876237410458758,-52406.44698928791,1.2489915399377787,-43650.6674755045,1.3026781560838938,-46895.1192370093,1.3053953327909467,-41375.88752095612,1.1056679488302465,-57299.53951703954,1.1842875831375748,-48028.421171737995,1.2554891708360465,-48254.54897124093,1.0287744352503259,-54539.37025754168,1.261026565608791,-43262.18528421497,1.259056865418483,-41933.50551811247,1.2724524539099062,-41448.720360632244,1.2847943909085047,-48897.07286613085,1.2744280879688752,-43713.61262093247,1.1909086392797035,-52201.226683167275,0.8601568208548928,-45702.65762662456,1.1605139987982824,-55606.3569365228,1.0444695966332327,-57912.56257694809,0.25107061872943703,-143767.54673457742,0.17611011584660116,-149431.9961301718,0.20701280168470115,-124344.96893062725,0.19301194651456588,-145698.87214102654,0.2920816083810659,-80465.22412760634,0.23848568629746347,-96872.40559086255,0.2735359991941152,-76768.64772624015,0.19332202270951085,-156422.97877871356,0.26799131935064524,-104120.30337785755,0.24195798811241415,-103247.87745101341,0.20328687194938855,-141666.46266444487,0.27710354413991234,-82176.92547733203,0.32545626664528665,-65043.56570881221,0.3310700374187571,-59410.83497831098,0.22936076489328538,-107269.38701711842,0.28280424489364114,-79681.43787451705,0.20631251787006646,-123116.12299370466,0.18799025980097608,-146390.0493267237,0.18567323700903193,-139986.53636362305,0.19153504547376515,-158497.94359124417,1.0317819502551977,-3571.7135788924643,1.0530966144421514,-3766.3164270493053,1.3479155630035273,-14783.250508911202,1.3074880300458334,-14271.570786748087,1.2931026479254828,-15678.069175243121,0.5102635584060753,-183.7166844069303,0.49818880235037827,31.820434352741295,-0.01650727287125393,3725.981598496649,0.23114411998020176,155.57530397923162,0.22419349177467898,172.7106241523844,-0.26491730935990543,2773.871640831291,0.4557380548846163,5653.136125113975,-1.4650893541433643,11832.628758731598,1.0484265722951234,1069.2262851231226
0,1.821544550633192,-20487.037149003816,1.8170929001572436,-19004.45179861218,2.00414137779759,-13962.012510205603,2.042784913448363,-10891.660210912118,1.7916901343723821,-21947.926677607516,0.24275256522296929,-355469.7368070502,0.30748689819727926,-105850.31591744299,0.31876624798023184,-99332.90620700458,0.37441259323362835,-69404.05835040878,0.4971218297907016,-40326.50644410539,0.2806408893886939,-121959.31798543283,0.912519120360888,-18192.54641674098,1.0283690762166124,-29803.037663744315,1.1808540964953493,-26690.995443152926,1.0890284298077257,-28308.09109268998,0.9369350375156129,-25497.242006017503,0.4003239886367404,-117549.84163542611,0.3475572791309043,-75750.33616942231,0.34326274882864305,-133247.64454621045,0.39193515664023393,-117325.98337994983,0.38465457617608007,-121100.25587080706,0.33851140037642397,-110158.0118612668,1.626653254715284,-2049.9019428758666,1.7446993365910668,-2080.1496203158636,0.6250369037002952,-80978.22415713803,0.6272474316296884,-69975.91960087985,0.6146778643133682,-74162.03601051588,1.1277944105054836,-56166.796635362305,1.2608913332271323,-54753.46947729604,1.0878651771076553,-52544.88919689333,1.249540443434179,-43620.21036921786,1.3035584503057696,-46462.62614516416,1.3056388847977973,-41303.11745053954,1.1066030741738249,-57043.91308369387,1.1839892619298669,-48023.01299439126,1.255194824856633,-48988.89404966804,1.0289909147560659,-54857.57802373023,1.2626089435868593,-43229.57190178395,1.2610234339329356,-41771.407204342424,1.2740516565014826,-41267.161940822036,1.2853900960018014,-48614.87604245524,1.2752477527501707,-43585.61950555079,1.1918409457046049,-51949.90555898321,0.8590476263375371,-46062.16657094831,1.1606712959816334,-56203.69374589707,1.0457775198319352,-57910.63369680203,0.25103389056121167,-144272.48967186964,0.17628266688174762,-148941.2116450437,0.20732671042842454,-123524.83006952454,0.19267048949311028,-146499.1070303148,0.29203402526128563,-80806.85129157323,0.2406154876771354,-95187.70825171111,0.2741856489927057,-76654.50630796539,0.19421260192236206,-154700.64059296943,0.26843724942689723,-104061.27955104581,0.2389009567308039,-106322.14038628219,0.20238882017650828,-143022.17855048866,0.2768540487003051,-82265.83524438558,0.3260001676655828,-64696.787225246546,0.3318273368179334,-59148.710376140465,0.23068243403404942,-106236.53131209826,0.28356301786805155,-79310.05273072682,0.20711435711802303,-122305.43971071963,0.1871905305029709,-148393.97110516505,0.18412395913000584,-142429.47938367884,0.19121683007837695,-158981.6249191893,1.033757319855553,-3492.97910521939,1.056102309497861,-3715.6620238374016,1.3462999115275756,-14803.00519740239,1.3057938445640986,-14315.383010258502,1.2907061253308412,-15714.223431543795,0.5104608168483384,-184.95100293225937,0.49825880040605136,29.900108081700285,-0.020154847154920857,3692.0056874586644,0.2327471483016399,149.98663448175424,0.22607107715443026,168.6767294886799,-0.2608448586441295,2739.918262387305,0.44515815040806117,5581.497819584315,-1.496759132036947,11670.765917919223,1.0513277148072184,996.9573919274073
